date,ticker,flow_usd
2025-06-23,IBIT,217600000.0
2025-06-23,FBTC,105700000.0
2025-06-23,BITB,14600000.0
2025-06-23,BTCO,6200000.0
2025-06-23,GBTC,-5700000.0
2025-06-23,ARKB,2100000.0
2025-06-23,EZBC,0.0
2025-06-23,BRRR,0.0
2025-06-23,HODL,0.0
2025-06-23,BTCW,0.0
2025-06-24,IBIT,436300000.0
2025-06-24,FBTC,85200000.0
2025-06-24,ARKB,43800000.0
2025-06-24,BITB,9800000.0
2025-06-24,HODL,6000000.0
2025-06-24,BTCO,0.0
2025-06-24,EZBC,0.0
2025-06-24,BRRR,0.0
2025-06-24,BTCW,0.0
2025-06-24,GBTC,0.0
2025-06-25,IBIT,340300000.0
2025-06-25,FBTC,115200000.0
2025-06-25,ARKB,70200000.0
2025-06-25,BITB,12900000.0
2025-06-25,HODL,9100000.0
2025-06-25,BTCO,0.0
2025-06-25,EZBC,0.0
2025-06-25,BRRR,0.0
2025-06-25,BTCW,0.0
2025-06-25,GBTC,0.0
2025-06-26,IBIT,163700000.0
2025-06-26,FBTC,32900000.0
2025-06-26,BITB,25200000.0
2025-06-26,EZBC,3100000.0
2025-06-26,ARKB,1800000.0
2025-06-26,BTCO,0.0
2025-06-26,BRRR,0.0
2025-06-26,HODL,0.0
2025-06-26,BTCW,0.0
2025-06-26,GBTC,0.0
2025-06-27,FBTC,165500000.0
2025-06-27,IBIT,153000000.0
2025-06-27,ARKB,150300000.0
2025-06-27,BITB,11600000.0
2025-06-27,HODL,6000000.0
2025-06-27,BTCO,3700000.0
2025-06-27,EZBC,3100000.0
2025-06-27,BRRR,0.0
2025-06-27,BTCW,0.0
2025-06-27,GBTC,0.0
2025-06-30,IBIT,112300000.0
2025-06-30,ARKB,-10200000.0
2025-06-30,FBTC,0.0
2025-06-30,BITB,0.0
2025-06-30,BTCO,0.0
2025-06-30,EZBC,0.0
2025-06-30,BRRR,0.0
2025-06-30,HODL,0.0
2025-06-30,BTCW,0.0
2025-06-30,GBTC,0.0
2025-07-01,FBTC,-172700000.0
2025-07-01,GBTC,-119500000.0
2025-07-01,ARKB,-27000000.0
2025-07-01,BITB,-23000000.0
2025-07-01,IBIT,0.0
2025-07-01,BTCO,0.0
2025-07-01,EZBC,0.0
2025-07-01,BRRR,0.0
2025-07-01,HODL,0.0
2025-07-01,BTCW,0.0
2025-07-02,FBTC,184000000.0
2025-07-02,ARKB,83000000.0
2025-07-02,BITB,64900000.00000001
2025-07-02,GBTC,34600000.0
2025-07-02,BTCO,9900000.0
2025-07-02,EZBC,9500000.0
2025-07-02,HODL,5400000.0
2025-07-02,IBIT,0.0
2025-07-02,BRRR,0.0
2025-07-02,BTCW,0.0
2025-07-03,FBTC,237100000.0
2025-07-03,IBIT,224500000.0
2025-07-03,ARKB,114200000.0
2025-07-03,BITB,15500000.0
2025-07-03,HODL,4700000.0
2025-07-03,BTCO,0.0
2025-07-03,EZBC,0.0
2025-07-03,BRRR,0.0
2025-07-03,BTCW,0.0
2025-07-03,GBTC,0.0
2025-07-07,IBIT,164600000.0
2025-07-07,FBTC,66000000.0
2025-07-07,GBTC,-10200000.0
2025-07-07,ARKB,-10100000.0
2025-07-07,BITB,0.0
2025-07-07,BTCO,0.0
2025-07-07,EZBC,0.0
2025-07-07,BRRR,0.0
2025-07-07,HODL,0.0
2025-07-07,BTCW,0.0
2025-07-08,IBIT,66800000.0
2025-07-08,FBTC,4800000.0
2025-07-08,BRRR,3700000.0
2025-07-08,BITB,0.0
2025-07-08,ARKB,0.0
2025-07-08,BTCO,0.0
2025-07-08,EZBC,0.0
2025-07-08,HODL,0.0
2025-07-08,BTCW,0.0
2025-07-08,GBTC,0.0
2025-07-09,IBIT,125600000.0
2025-07-09,ARKB,57000000.0
2025-07-09,BTCO,9500000.0
2025-07-09,FBTC,4800000.0
2025-07-09,BITB,3000000.0
2025-07-09,EZBC,0.0
2025-07-09,BRRR,0.0
2025-07-09,HODL,0.0
2025-07-09,BTCW,0.0
2025-07-09,GBTC,0.0
2025-07-10,IBIT,448500000.0
2025-07-10,FBTC,324300000.0
2025-07-10,ARKB,268700000.0
2025-07-10,BITB,77200000.0
2025-07-10,GBTC,-40200000.0
2025-07-10,HODL,15200000.0
2025-07-10,BTCO,0.0
2025-07-10,EZBC,0.0
2025-07-10,BRRR,0.0
2025-07-10,BTCW,0.0
2025-07-11,IBIT,953500000.0
2025-07-11,ARKB,23500000.0
2025-07-11,HODL,20000000.0
2025-07-11,BITB,6400000.0
2025-07-11,BTCO,5300000.0
2025-07-11,FBTC,0.0
2025-07-11,EZBC,0.0
2025-07-11,BRRR,0.0
2025-07-11,BTCW,0.0
2025-07-11,GBTC,0.0
2025-07-14,IBIT,394700000.0
2025-07-14,ARKB,-99600000.0
2025-07-14,FBTC,-26100000.0
2025-07-14,HODL,8500000.0
2025-07-14,BITB,7200000.0
2025-07-14,BTCO,0.0
2025-07-14,EZBC,0.0
2025-07-14,BRRR,0.0
2025-07-14,BTCW,0.0
2025-07-14,GBTC,0.0
2025-07-15,IBIT,416300000.0
2025-07-15,GBTC,-41200000.0
2025-07-15,FBTC,-22900000.0
2025-07-15,HODL,19000000.0
2025-07-15,BITB,12700000.0
2025-07-15,EZBC,6800000.0
2025-07-15,ARKB,-6200000.0
2025-07-15,BTCO,0.0
2025-07-15,BRRR,0.0
2025-07-15,BTCW,0.0
2025-07-16,IBIT,763900000.0
2025-07-16,ARKB,19800000.0
2025-07-16,FBTC,10400000.0
2025-07-16,BITB,0.0
2025-07-16,BTCO,0.0
2025-07-16,EZBC,0.0
2025-07-16,BRRR,0.0
2025-07-16,HODL,0.0
2025-07-16,BTCW,0.0
2025-07-16,GBTC,0.0
2025-07-17,IBIT,497300000.0
2025-07-17,FBTC,7800000.0
2025-07-17,BTCO,7100000.0
2025-07-17,HODL,5100000.0
2025-07-17,BITB,0.0
2025-07-17,ARKB,0.0
2025-07-17,EZBC,0.0
2025-07-17,BRRR,0.0
2025-07-17,BTCW,0.0
2025-07-17,GBTC,0.0
2025-07-18,IBIT,496800000.0
2025-07-18,GBTC,-81300000.0
2025-07-18,ARKB,-33600000.0
2025-07-18,FBTC,-17900000.0
2025-07-18,BTCW,3100000.0
2025-07-18,BITB,-1900000.0
2025-07-18,HODL,-1700000.0
2025-07-18,BTCO,0.0
2025-07-18,EZBC,0.0
2025-07-18,BRRR,0.0
2025-07-21,ARKB,-77500000.0
2025-07-21,GBTC,-36700000.0
2025-07-21,FBTC,-12800000.0
2025-07-21,HODL,-2500000.0
2025-07-21,BITB,-1900000.0
2025-07-21,IBIT,0.0
2025-07-21,BTCO,0.0
2025-07-21,EZBC,0.0
2025-07-21,BRRR,0.0
2025-07-21,BTCW,0.0
2025-07-22,BITB,-42300000.0
2025-07-22,ARKB,-33200000.000000004
2025-07-22,GBTC,7500000.0
2025-07-22,IBIT,0.0
2025-07-22,FBTC,0.0
2025-07-22,BTCO,0.0
2025-07-22,EZBC,0.0
2025-07-22,BRRR,0.0
2025-07-22,HODL,0.0
2025-07-22,BTCW,0.0
2025-07-23,FBTC,-227200000.0
2025-07-23,IBIT,142600000.0
2025-07-23,ARKB,-9800000.0
2025-07-23,BITB,-1900000.0
2025-07-23,BTCO,0.0
2025-07-23,EZBC,0.0
2025-07-23,BRRR,0.0
2025-07-23,HODL,0.0
2025-07-23,BTCW,0.0
2025-07-23,GBTC,0.0
2025-07-24,FBTC,106600000.0
2025-07-24,HODL,46400000.0
2025-07-24,IBIT,32500000.0
2025-07-24,BITB,29800000.0
2025-07-24,EZBC,3500000.0
2025-07-24,ARKB,0.0
2025-07-24,BTCO,0.0
2025-07-24,BRRR,0.0
2025-07-24,BTCW,0.0
2025-07-24,GBTC,0.0
2025-07-25,IBIT,92800000.0
2025-07-25,GBTC,-50500000.0
2025-07-25,ARKB,30300000.0
2025-07-25,BITB,21000000.0
2025-07-25,HODL,18200000.0
2025-07-25,FBTC,10200000.0
2025-07-25,BTCO,0.0
2025-07-25,EZBC,0.0
2025-07-25,BRRR,0.0
2025-07-25,BTCW,0.0
2025-07-28,IBIT,147400000.0
2025-07-28,FBTC,30900000.0
2025-07-28,ARKB,-17400000.0
2025-07-28,BITB,-14800000.0
2025-07-28,BTCO,0.0
2025-07-28,EZBC,0.0
2025-07-28,BRRR,0.0
2025-07-28,HODL,0.0
2025-07-28,BTCW,0.0
2025-07-28,GBTC,0.0
2025-07-29,IBIT,157600000.0
2025-07-29,GBTC,-49000000.0
2025-07-29,BITB,-26200000.0
2025-07-29,ARKB,-8199999.999999999
2025-07-29,HODL,5800000.0
2025-07-29,FBTC,0.0
2025-07-29,BTCO,0.0
2025-07-29,EZBC,0.0
2025-07-29,BRRR,0.0
2025-07-29,BTCW,0.0
2025-07-30,IBIT,34400000.0
2025-07-30,BITB,12700000.0
2025-07-30,FBTC,0.0
2025-07-30,ARKB,0.0
2025-07-30,BTCO,0.0
2025-07-30,EZBC,0.0
2025-07-30,BRRR,0.0
2025-07-30,HODL,0.0
2025-07-30,BTCW,0.0
2025-07-30,GBTC,0.0
2025-07-31,ARKB,-89900000.0
2025-07-31,FBTC,-53600000.0
2025-07-31,IBIT,18600000.0
2025-07-31,GBTC,-9200000.0
2025-07-31,EZBC,6800000.0
2025-07-31,BTCO,3500000.0
2025-07-31,HODL,3300000.0
2025-07-31,BITB,0.0
2025-07-31,BRRR,0.0
2025-07-31,BTCW,0.0
2025-08-01,FBTC,-331400000.0
2025-08-01,ARKB,-327900000.0
2025-08-01,GBTC,-66800000.0
2025-08-01,BITB,-38300000.0
2025-08-01,EZBC,-6600000.0
2025-08-01,BTCO,-5100000.0
2025-08-01,IBIT,-2600000.0
2025-08-01,BRRR,0.0
2025-08-01,HODL,0.0
2025-08-01,BTCW,0.0
2025-08-04,IBIT,-292200000.0
2025-08-04,FBTC,-40100000.0
2025-08-04,BITB,18700000.0
2025-08-04,GBTC,-9900000.0
2025-08-04,ARKB,0.0
2025-08-04,BTCO,0.0
2025-08-04,EZBC,0.0
2025-08-04,BRRR,0.0
2025-08-04,HODL,0.0
2025-08-04,BTCW,0.0
2025-08-05,FBTC,-99100000.0
2025-08-05,IBIT,-77400000.0
2025-08-05,GBTC,-19700000.0
2025-08-05,BITB,0.0
2025-08-05,ARKB,0.0
2025-08-05,BTCO,0.0
2025-08-05,EZBC,0.0
2025-08-05,BRRR,0.0
2025-08-05,HODL,0.0
2025-08-05,BTCW,0.0
2025-08-06,IBIT,41900000.0
2025-08-06,BITB,26400000.0
2025-08-06,GBTC,14500000.0
2025-08-06,FBTC,10100000.0
2025-08-06,ARKB,-5400000.0
2025-08-06,HODL,4099999.9999999995
2025-08-06,BTCO,0.0
2025-08-06,EZBC,0.0
2025-08-06,BRRR,0.0
2025-08-06,BTCW,0.0
2025-08-07,IBIT,156600000.0
2025-08-07,FBTC,43400000.0
2025-08-07,HODL,21500000.0
2025-08-07,GBTC,18500000.0
2025-08-07,BITB,17200000.0
2025-08-07,EZBC,3400000.0
2025-08-07,ARKB,-400000.0
2025-08-07,BTCO,0.0
2025-08-07,BRRR,0.0
2025-08-07,BTCW,0.0
2025-08-08,IBIT,360000000.0
2025-08-08,FBTC,30500000.0
2025-08-08,BITB,0.0
2025-08-08,ARKB,0.0
2025-08-08,BTCO,0.0
2025-08-08,EZBC,0.0
2025-08-08,BRRR,0.0
2025-08-08,HODL,0.0
2025-08-08,BTCW,0.0
2025-08-08,GBTC,0.0
2025-08-11,IBIT,138200000.0
2025-08-11,FBTC,13000000.0
2025-08-11,GBTC,7500000.0
2025-08-11,BITB,5200000.0
2025-08-11,ARKB,0.0
2025-08-11,BTCO,0.0
2025-08-11,EZBC,0.0
2025-08-11,BRRR,0.0
2025-08-11,HODL,0.0
2025-08-11,BTCW,0.0
2025-08-12,IBIT,111400000.0
2025-08-12,ARKB,-23900000.0
2025-08-12,GBTC,-21600000.0
2025-08-12,FBTC,0.0
2025-08-12,BITB,0.0
2025-08-12,BTCO,0.0
2025-08-12,EZBC,0.0
2025-08-12,BRRR,0.0
2025-08-12,HODL,0.0
2025-08-12,BTCW,0.0
2025-08-13,ARKB,36600000.0
2025-08-13,FBTC,26700000.0
2025-08-13,BITB,7300000.0
2025-08-13,BTCO,4900000.0
2025-08-13,IBIT,0.0
2025-08-13,EZBC,0.0
2025-08-13,BRRR,0.0
2025-08-13,HODL,0.0
2025-08-13,BTCW,0.0
2025-08-13,GBTC,0.0
2025-08-14,IBIT,523700000.00000006
2025-08-14,ARKB,-149900000.0
2025-08-14,FBTC,-113500000.0
2025-08-14,BITB,-30900000.0
2025-08-14,HODL,-5900000.0
2025-08-14,BTCO,0.0
2025-08-14,EZBC,0.0
2025-08-14,BRRR,0.0
2025-08-14,BTCW,0.0
2025-08-14,GBTC,0.0
2025-08-15,IBIT,114400000.0
2025-08-15,GBTC,-81800000.0
2025-08-15,ARKB,-46700000.0
2025-08-15,FBTC,0.0
2025-08-15,BITB,0.0
2025-08-15,BTCO,0.0
2025-08-15,EZBC,0.0
2025-08-15,BRRR,0.0
2025-08-15,HODL,0.0
2025-08-15,BTCW,0.0
2025-08-18,IBIT,-68700000.0
2025-08-18,ARKB,-65700000.0
2025-08-18,BITB,12700000.0
2025-08-18,FBTC,0.0
2025-08-18,BTCO,0.0
2025-08-18,EZBC,0.0
2025-08-18,BRRR,0.0
2025-08-18,HODL,0.0
2025-08-18,BTCW,0.0
2025-08-18,GBTC,0.0
2025-08-19,FBTC,-246900000.0
2025-08-19,GBTC,-115500000.0
2025-08-19,BITB,-86800000.0
2025-08-19,ARKB,-63300000.0
2025-08-19,EZBC,-3300000.0
2025-08-19,IBIT,0.0
2025-08-19,BTCO,0.0
2025-08-19,BRRR,0.0
2025-08-19,HODL,0.0
2025-08-19,BTCW,0.0
2025-08-20,IBIT,-220000000.0
2025-08-20,ARKB,-75700000.0
2025-08-20,GBTC,-9000000.0
2025-08-20,FBTC,-7500000.0
2025-08-20,BRRR,-4300000.0
2025-08-20,BITB,600000.0
2025-08-20,BTCO,0.0
2025-08-20,EZBC,0.0
2025-08-20,HODL,0.0
2025-08-20,BTCW,0.0
2025-08-21,IBIT,-127500000.0
2025-08-21,ARKB,-43300000.0
2025-08-21,FBTC,-31800000.0
2025-08-21,EZBC,3200000.0
2025-08-21,BITB,0.0
2025-08-21,BTCO,0.0
2025-08-21,BRRR,0.0
2025-08-21,HODL,0.0
2025-08-21,BTCW,0.0
2025-08-21,GBTC,0.0
2025-08-22,IBIT,-198800000.0
2025-08-22,ARKB,65700000.0
2025-08-22,FBTC,50900000.0
2025-08-22,HODL,26400000.0
2025-08-22,EZBC,13500000.0
2025-08-22,BITB,12700000.0
2025-08-22,GBTC,6400000.0
2025-08-22,BTCO,0.0
2025-08-22,BRRR,0.0
2025-08-22,BTCW,0.0
2025-08-25,FBTC,65599999.99999999
2025-08-25,IBIT,63400000.0
2025-08-25,ARKB,61200000.0
2025-08-25,BITB,15200000.0
2025-08-25,HODL,6300000.0
2025-08-25,BTCO,0.0
2025-08-25,EZBC,0.0
2025-08-25,BRRR,0.0
2025-08-25,BTCW,0.0
2025-08-25,GBTC,0.0
2025-08-26,IBIT,45300000.0
2025-08-26,FBTC,14500000.0
2025-08-26,BITB,9000000.0
2025-08-26,ARKB,4099999.9999999995
2025-08-26,HODL,3900000.0
2025-08-26,BTCO,0.0
2025-08-26,EZBC,0.0
2025-08-26,BRRR,0.0
2025-08-26,BTCW,0.0
2025-08-26,GBTC,0.0
2025-08-27,IBIT,50900000.0
2025-08-27,FBTC,14700000.0
2025-08-27,BTCO,6700000.0
2025-08-27,EZBC,6500000.0
2025-08-27,ARKB,5600000.0
2025-08-27,BITB,-3000000.0
2025-08-27,BRRR,0.0
2025-08-27,HODL,0.0
2025-08-27,BTCW,0.0
2025-08-27,GBTC,0.0
2025-08-28,ARKB,79800000.0
2025-08-28,IBIT,63700000.0
2025-08-28,BITB,25000000.0
2025-08-28,FBTC,4900000.0
2025-08-28,BTCO,0.0
2025-08-28,EZBC,0.0
2025-08-28,BRRR,0.0
2025-08-28,HODL,0.0
2025-08-28,BTCW,0.0
2025-08-28,GBTC,0.0
2025-08-29,ARKB,-72100000.0
2025-08-29,FBTC,-66200000.0
2025-08-29,IBIT,24600000.0
2025-08-29,GBTC,-15300000.0
2025-08-29,BTCW,2300000.0
2025-08-29,BITB,0.0
2025-08-29,BTCO,0.0
2025-08-29,EZBC,0.0
2025-08-29,BRRR,0.0
2025-08-29,HODL,0.0
2025-09-02,FBTC,132699999.99999999
2025-09-02,IBIT,72900000.0
2025-09-02,ARKB,71900000.0
2025-09-02,BITB,39100000.0
2025-09-02,HODL,4700000.0
2025-09-02,BTCO,2200000.0
2025-09-02,EZBC,0.0
2025-09-02,BRRR,0.0
2025-09-02,BTCW,0.0
2025-09-02,GBTC,0.0
2025-09-03,IBIT,289800000.0
2025-09-03,ARKB,-27900000.0
2025-09-03,FBTC,9800000.0
2025-09-03,BITB,0.0
2025-09-03,BTCO,0.0
2025-09-03,EZBC,0.0
2025-09-03,BRRR,0.0
2025-09-03,HODL,0.0
2025-09-03,BTCW,0.0
2025-09-03,GBTC,0.0
2025-09-04,IBIT,134800000.0
2025-09-04,ARKB,-125500000.0
2025-09-04,FBTC,-117400000.0
2025-09-04,BITB,-66400000.00000001
2025-09-04,GBTC,-22400000.0
2025-09-04,HODL,-17900000.0
2025-09-04,EZBC,-3200000.0
2025-09-04,BTCO,0.0
2025-09-04,BRRR,0.0
2025-09-04,BTCW,0.0
2025-09-05,IBIT,-63200000.0
2025-09-05,BITB,-49600000.0
2025-09-05,GBTC,-47300000.0
2025-09-05,FBTC,0.0
2025-09-05,ARKB,0.0
2025-09-05,BTCO,0.0
2025-09-05,EZBC,0.0
2025-09-05,BRRR,0.0
2025-09-05,HODL,0.0
2025-09-05,BTCW,0.0
2025-09-08,FBTC,156500000.0
2025-09-08,ARKB,89500000.0
2025-09-08,BITB,42700000.0
2025-09-08,IBIT,25500000.0
2025-09-08,HODL,20600000.0
2025-09-08,BTCO,6700000.0
2025-09-08,EZBC,6500000.0
2025-09-08,GBTC,4400000.0
2025-09-08,BRRR,0.0
2025-09-08,BTCW,0.0
2025-09-09,IBIT,169300000.0
2025-09-09,ARKB,-72300000.0
2025-09-09,FBTC,-55800000.0
2025-09-09,BITB,-18200000.0
2025-09-09,BTCO,0.0
2025-09-09,EZBC,0.0
2025-09-09,BRRR,0.0
2025-09-09,HODL,0.0
2025-09-09,BTCW,0.0
2025-09-09,GBTC,0.0
2025-09-10,FBTC,299000000.0
2025-09-10,IBIT,211200000.0
2025-09-10,ARKB,145100000.0
2025-09-10,BITB,44400000.0
2025-09-10,HODL,12000000.0
2025-09-10,GBTC,8900000.0
2025-09-10,EZBC,3300000.0
2025-09-10,BTCO,0.0
2025-09-10,BRRR,0.0
2025-09-10,BTCW,0.0
2025-09-11,IBIT,366200000.0
2025-09-11,FBTC,134700000.0
2025-09-11,BITB,40400000.0
2025-09-11,BTCO,5700000.0
2025-09-11,EZBC,3300000.0
2025-09-11,HODL,2400000.0
2025-09-11,ARKB,0.0
2025-09-11,BRRR,0.0
2025-09-11,BTCW,0.0
2025-09-11,GBTC,0.0
2025-09-12,FBTC,315200000.0
2025-09-12,IBIT,264700000.0
2025-09-12,BITB,29200000.0
2025-09-12,ARKB,19400000.0
2025-09-12,HODL,8199999.999999999
2025-09-12,BTCO,0.0
2025-09-12,EZBC,0.0
2025-09-12,BRRR,0.0
2025-09-12,BTCW,0.0
2025-09-12,GBTC,0.0
2025-09-15,IBIT,261800000.0
2025-09-15,BITB,-18800000.0
2025-09-15,FBTC,7500000.0
2025-09-15,EZBC,3300000.0
2025-09-15,ARKB,0.0
2025-09-15,BTCO,0.0
2025-09-15,BRRR,0.0
2025-09-15,HODL,0.0
2025-09-15,BTCW,0.0
2025-09-15,GBTC,0.0
2025-09-16,IBIT,209200000.0
2025-09-16,FBTC,45800000.0
2025-09-16,ARKB,40700000.0
2025-09-16,BITB,-10800000.0
2025-09-16,HODL,7400000.0
2025-09-16,BTCO,0.0
2025-09-16,EZBC,0.0
2025-09-16,BRRR,0.0
2025-09-16,BTCW,0.0
2025-09-16,GBTC,0.0
2025-09-17,IBIT,149700000.0
2025-09-17,FBTC,-116000000.0
2025-09-17,GBTC,-62600000.0
2025-09-17,ARKB,-32299999.999999996
2025-09-17,BITB,-12600000.0
2025-09-17,BTCO,0.0
2025-09-17,EZBC,0.0
2025-09-17,BRRR,0.0
2025-09-17,HODL,0.0
2025-09-17,BTCW,0.0
2025-09-18,FBTC,97400000.0
2025-09-18,ARKB,25000000.0
2025-09-18,BITB,12800000.0
2025-09-18,EZBC,6800000.0
2025-09-18,HODL,6600000.0
2025-09-18,BTCO,3500000.0
2025-09-18,IBIT,0.0
2025-09-18,BRRR,0.0
2025-09-18,BTCW,0.0
2025-09-18,GBTC,0.0
2025-09-19,IBIT,246100000.0
2025-09-19,GBTC,-23500000.0
2025-09-19,FBTC,0.0
2025-09-19,BITB,0.0
2025-09-19,ARKB,0.0
2025-09-19,BTCO,0.0
2025-09-19,EZBC,0.0
2025-09-19,BRRR,0.0
2025-09-19,HODL,0.0
2025-09-19,BTCW,0.0
2025-09-22,FBTC,-276700000.0
2025-09-22,ARKB,-52300000.0
2025-09-22,GBTC,-24600000.0
2025-09-22,HODL,-9500000.0
2025-09-22,IBIT,0.0
2025-09-22,BITB,0.0
2025-09-22,BTCO,0.0
2025-09-22,EZBC,0.0
2025-09-22,BRRR,0.0
2025-09-22,BTCW,0.0
2025-09-23,FBTC,-75600000.0
2025-09-23,ARKB,-27900000.0
2025-09-23,BITB,-12800000.0
2025-09-23,BTCO,10000000.0
2025-09-23,IBIT,2500000.0
2025-09-23,EZBC,0.0
2025-09-23,BRRR,0.0
2025-09-23,HODL,0.0
2025-09-23,BTCW,0.0
2025-09-23,GBTC,0.0
2025-09-24,IBIT,128900000.0
2025-09-24,ARKB,37700000.0
2025-09-24,FBTC,29700000.0
2025-09-24,BITB,24700000.0
2025-09-24,HODL,6400000.0
2025-09-24,BTCO,0.0
2025-09-24,EZBC,0.0
2025-09-24,BRRR,0.0
2025-09-24,BTCW,0.0
2025-09-24,GBTC,0.0
2025-09-25,FBTC,-114800000.0
2025-09-25,BITB,-80500000.0
2025-09-25,IBIT,79700000.0
2025-09-25,ARKB,-63000000.0
2025-09-25,GBTC,-42900000.0
2025-09-25,HODL,-10100000.0
2025-09-25,EZBC,-6300000.0
2025-09-25,BTCO,0.0
2025-09-25,BRRR,0.0
2025-09-25,BTCW,0.0
2025-09-26,FBTC,-300400000.0
2025-09-26,IBIT,-37300000.0
2025-09-26,BITB,-23800000.0
2025-09-26,ARKB,-17800000.0
2025-09-26,GBTC,-17100000.0
2025-09-26,HODL,-9300000.0
2025-09-26,BTCO,0.0
2025-09-26,EZBC,0.0
2025-09-26,BRRR,0.0
2025-09-26,BTCW,0.0
2025-09-29,FBTC,298700000.0
2025-09-29,ARKB,62200000.0
2025-09-29,BITB,47200000.0
2025-09-29,IBIT,-46600000.0
2025-09-29,BTCO,35300000.0
2025-09-29,HODL,30700000.0
2025-09-29,GBTC,26900000.0
2025-09-29,EZBC,16500000.0
2025-09-29,BRRR,0.0
2025-09-29,BTCW,0.0
2025-09-30,IBIT,199400000.0
2025-09-30,ARKB,105700000.0
2025-09-30,BITB,70100000.0
2025-09-30,FBTC,54700000.0
2025-09-30,BTCO,0.0
2025-09-30,EZBC,0.0
2025-09-30,BRRR,0.0
2025-09-30,HODL,0.0
2025-09-30,BTCW,0.0
2025-09-30,GBTC,0.0
2025-10-01,IBIT,405500000.0
2025-10-01,FBTC,179300000.0
2025-10-01,BITB,59400000.0
2025-10-01,GBTC,9200000.0
2025-10-01,HODL,6600000.0
2025-10-01,ARKB,5900000.0
2025-10-01,BTCO,0.0
2025-10-01,EZBC,0.0
2025-10-01,BRRR,0.0
2025-10-01,BTCW,0.0
2025-10-02,IBIT,466500000.0
2025-10-02,FBTC,89600000.0
2025-10-02,ARKB,45200000.0
2025-10-02,BITB,11200000.0
2025-10-02,GBTC,2800000.0
2025-10-02,HODL,1700000.0
2025-10-02,BTCO,0.0
2025-10-02,EZBC,0.0
2025-10-02,BRRR,0.0
2025-10-02,BTCW,0.0
2025-10-03,IBIT,791600000.0
2025-10-03,FBTC,69600000.0
2025-10-03,ARKB,35500000.0
2025-10-03,HODL,26000000.0
2025-10-03,BITB,24000000.0
2025-10-03,GBTC,18300000.0
2025-10-03,BTCO,0.0
2025-10-03,EZBC,0.0
2025-10-03,BRRR,0.0
2025-10-03,BTCW,0.0
2025-10-06,IBIT,970000000.0
2025-10-06,FBTC,112300000.0
2025-10-06,BITB,60100000.0
2025-10-06,HODL,15100000.0
2025-10-06,BTCO,7500000.0
2025-10-06,BTCW,6000000.0
2025-10-06,EZBC,3600000.0
2025-10-06,ARKB,0.0
2025-10-06,BRRR,0.0
2025-10-06,GBTC,0.0
2025-10-07,IBIT,899400000.0
2025-10-07,GBTC,-28600000.0
2025-10-07,BRRR,4800000.0
2025-10-07,FBTC,0.0
2025-10-07,BITB,0.0
2025-10-07,ARKB,0.0
2025-10-07,BTCO,0.0
2025-10-07,EZBC,0.0
2025-10-07,HODL,0.0
2025-10-07,BTCW,0.0
2025-10-08,IBIT,426200000.0
2025-10-08,BITB,13400000.0
2025-10-08,FBTC,0.0
2025-10-08,ARKB,0.0
2025-10-08,BTCO,0.0
2025-10-08,EZBC,0.0
2025-10-08,BRRR,0.0
2025-10-08,HODL,0.0
2025-10-08,BTCW,0.0
2025-10-08,GBTC,0.0
2025-10-09,IBIT,255500000.0
2025-10-09,GBTC,-45500000.0
2025-10-09,FBTC,-13200000.0
2025-10-09,BITB,6600000.0
2025-10-09,ARKB,-5600000.0
2025-10-09,BTCO,0.0
2025-10-09,EZBC,0.0
2025-10-09,BRRR,0.0
2025-10-09,HODL,0.0
2025-10-09,BTCW,0.0
2025-10-10,IBIT,74200000.0
2025-10-10,BITB,-37400000.0
2025-10-10,GBTC,-19200000.0
2025-10-10,FBTC,-10200000.0
2025-10-10,ARKB,-6200000.0
2025-10-10,BTCO,0.0
2025-10-10,EZBC,0.0
2025-10-10,BRRR,0.0
2025-10-10,HODL,0.0
2025-10-10,BTCW,0.0
2025-10-13,GBTC,-145400000.0
2025-10-13,BITB,-115600000.0
2025-10-13,FBTC,-93300000.0
2025-10-13,IBIT,60400000.0
2025-10-13,ARKB,-21100000.0
2025-10-13,HODL,-11400000.0
2025-10-13,BTCO,0.0
2025-10-13,EZBC,0.0
2025-10-13,BRRR,0.0
2025-10-13,BTCW,0.0
2025-10-14,FBTC,132699999.99999999
2025-10-14,IBIT,-30800000.0
2025-10-14,BRRR,-14000000.0
2025-10-14,BITB,8000000.0
2025-10-14,ARKB,6800000.0
2025-10-14,BTCO,0.0
2025-10-14,EZBC,0.0
2025-10-14,HODL,0.0
2025-10-14,BTCW,0.0
2025-10-14,GBTC,0.0
2025-10-15,GBTC,-82900000.0
2025-10-15,BTCO,-11100000.0
2025-10-15,IBIT,-10100000.0
2025-10-15,FBTC,0.0
2025-10-15,BITB,0.0
2025-10-15,ARKB,0.0
2025-10-15,EZBC,0.0
2025-10-15,BRRR,0.0
2025-10-15,HODL,0.0
2025-10-15,BTCW,0.0
2025-10-16,ARKB,-275200000.0
2025-10-16,FBTC,-132000000.0
2025-10-16,GBTC,-45000000.0
2025-10-16,IBIT,-29500000.0
2025-10-16,BITB,-20600000.0
2025-10-16,HODL,-6100000.0
2025-10-16,BTCO,0.0
2025-10-16,EZBC,0.0
2025-10-16,BRRR,0.0
2025-10-16,BTCW,0.0
2025-10-17,IBIT,-268600000.0
2025-10-17,FBTC,-67400000.0
2025-10-17,GBTC,-25000000.0
2025-10-17,BRRR,-5600000.0
2025-10-17,BITB,0.0
2025-10-17,ARKB,0.0
2025-10-17,BTCO,0.0
2025-10-17,EZBC,0.0
2025-10-17,HODL,0.0
2025-10-17,BTCW,0.0
2025-10-20,IBIT,-100700000.0
2025-10-20,HODL,21200000.0
2025-10-20,BITB,12100000.0
2025-10-20,BTCO,9900000.0
2025-10-20,FBTC,9700000.0
2025-10-20,ARKB,0.0
2025-10-20,EZBC,0.0
2025-10-20,BRRR,0.0
2025-10-20,BTCW,0.0
2025-10-20,GBTC,0.0
2025-10-21,IBIT,210900000.0
2025-10-21,ARKB,162900000.0
2025-10-21,FBTC,34100000.0
2025-10-21,BITB,20100000.0
2025-10-21,HODL,17400000.0
2025-10-21,BTCO,8900000.0
2025-10-21,EZBC,6500000.0
2025-10-21,BRRR,2500000.0
2025-10-21,BTCW,0.0
2025-10-21,GBTC,0.0
2025-10-22,IBIT,73600000.0
2025-10-22,FBTC,-56600000.0
2025-10-22,GBTC,-56600000.0
2025-10-22,ARKB,-53900000.0
2025-10-22,BITB,-10000000.0
2025-10-22,BRRR,2100000.0
2025-10-22,BTCO,0.0
2025-10-22,EZBC,0.0
2025-10-22,HODL,0.0
2025-10-22,BTCW,0.0
2025-10-23,IBIT,107800000.0
2025-10-23,GBTC,-60500000.0
2025-10-23,ARKB,-55000000.0
2025-10-23,BITB,17400000.0
2025-10-23,FBTC,7200000.0
2025-10-23,BTCO,0.0
2025-10-23,EZBC,0.0
2025-10-23,BRRR,0.0
2025-10-23,HODL,0.0
2025-10-23,BTCW,0.0
2025-10-24,FBTC,57900000.0
2025-10-24,IBIT,32700000.000000004
2025-10-24,BITB,0.0
2025-10-24,ARKB,0.0
2025-10-24,BTCO,0.0
2025-10-24,EZBC,0.0
2025-10-24,BRRR,0.0
2025-10-24,HODL,0.0
2025-10-24,BTCW,0.0
2025-10-24,GBTC,0.0
2025-10-27,ARKB,76400000.0
2025-10-27,IBIT,65300000.0
2025-10-27,FBTC,0.0
2025-10-27,BITB,0.0
2025-10-27,BTCO,0.0
2025-10-27,EZBC,0.0
2025-10-27,BRRR,0.0
2025-10-27,HODL,0.0
2025-10-27,BTCW,0.0
2025-10-27,GBTC,0.0
2025-10-28,ARKB,75800000.0
2025-10-28,FBTC,67000000.0
2025-10-28,IBIT,59600000.0
2025-10-28,BITB,0.0
2025-10-28,BTCO,0.0
2025-10-28,EZBC,0.0
2025-10-28,BRRR,0.0
2025-10-28,HODL,0.0
2025-10-28,BTCW,0.0
2025-10-28,GBTC,0.0
2025-10-29,FBTC,-164400000.0
2025-10-29,ARKB,-143800000.0
2025-10-29,IBIT,-88100000.0
2025-10-29,GBTC,-65000000.0
2025-10-29,BITB,-6000000.0
2025-10-29,BTCO,0.0
2025-10-29,EZBC,0.0
2025-10-29,BRRR,0.0
2025-10-29,HODL,0.0
2025-10-29,BTCW,0.0
2025-10-30,IBIT,-290900000.0
2025-10-30,ARKB,-65599999.99999999
2025-10-30,BITB,-55100000.0
2025-10-30,FBTC,-46500000.0
2025-10-30,GBTC,-10000000.0
2025-10-30,BTCO,-8000000.0
2025-10-30,HODL,-3800000.0
2025-10-30,EZBC,0.0
2025-10-30,BRRR,0.0
2025-10-30,BTCW,0.0
2025-10-31,IBIT,-149300000.0
2025-10-31,ARKB,-19300000.0
2025-10-31,BITB,-17900000.0
2025-10-31,FBTC,-12000000.0
2025-10-31,GBTC,6900000.0
2025-10-31,BTCO,0.0
2025-10-31,EZBC,0.0
2025-10-31,BRRR,0.0
2025-10-31,HODL,0.0
2025-10-31,BTCW,0.0
2025-11-03,IBIT,-186500000.0
2025-11-03,FBTC,0.0
2025-11-03,BITB,0.0
2025-11-03,ARKB,0.0
2025-11-03,BTCO,0.0
2025-11-03,EZBC,0.0
2025-11-03,BRRR,0.0
2025-11-03,HODL,0.0
2025-11-03,BTCW,0.0
2025-11-03,GBTC,0.0
2025-11-04,FBTC,-356600000.0
2025-11-04,ARKB,-128100000.0
2025-11-04,GBTC,-48900000.0
2025-11-04,HODL,-17000000.0
2025-11-04,EZBC,-8700000.0
2025-11-04,BITB,-7100000.0
2025-11-04,IBIT,0.0
2025-11-04,BTCO,0.0
2025-11-04,BRRR,0.0
2025-11-04,BTCW,0.0
2025-11-05,IBIT,-375500000.0
2025-11-05,FBTC,113300000.0
2025-11-05,ARKB,82900000.0
2025-11-05,BITB,17000000.0
2025-11-05,HODL,3700000.0
2025-11-05,BTCO,0.0
2025-11-05,EZBC,0.0
2025-11-05,BRRR,0.0
2025-11-05,BTCW,0.0
2025-11-05,GBTC,0.0
2025-11-06,IBIT,112400000.0
2025-11-06,FBTC,61600000.0
2025-11-06,ARKB,60400000.0
2025-11-06,BITB,5500000.0
2025-11-06,BTCO,0.0
2025-11-06,EZBC,0.0
2025-11-06,BRRR,0.0
2025-11-06,HODL,0.0
2025-11-06,BTCW,0.0
2025-11-06,GBTC,0.0
2025-11-07,FBTC,-256700000.0
2025-11-07,ARKB,-144200000.0
2025-11-07,IBIT,-131400000.0
2025-11-07,GBTC,-15400000.0
2025-11-07,BITB,-10700000.0
2025-11-07,BTCO,0.0
2025-11-07,EZBC,0.0
2025-11-07,BRRR,0.0
2025-11-07,HODL,0.0
2025-11-07,BTCW,0.0
2025-11-10,BITB,1200000.0
2025-11-10,IBIT,0.0
2025-11-10,FBTC,0.0
2025-11-10,ARKB,0.0
2025-11-10,BTCO,0.0
2025-11-10,EZBC,0.0
2025-11-10,BRRR,0.0
2025-11-10,HODL,0.0
2025-11-10,BTCW,0.0
2025-11-10,GBTC,0.0
2025-11-11,IBIT,224200000.0
2025-11-11,FBTC,165900000.0
2025-11-11,ARKB,102500000.0
2025-11-11,BITB,7300000.0
2025-11-11,BTCO,0.0
2025-11-11,EZBC,0.0
2025-11-11,BRRR,0.0
2025-11-11,HODL,0.0
2025-11-11,BTCW,0.0
2025-11-11,GBTC,0.0
2025-11-12,FBTC,-132900000.0
2025-11-12,ARKB,-85200000.0
2025-11-12,IBIT,-36900000.0
2025-11-12,GBTC,-23100000.0
2025-11-12,BITB,0.0
2025-11-12,BTCO,0.0
2025-11-12,EZBC,0.0
2025-11-12,BRRR,0.0
2025-11-12,HODL,0.0
2025-11-12,BTCW,0.0
2025-11-13,IBIT,-256600000.00000003
2025-11-13,FBTC,-119900000.0
2025-11-13,GBTC,-64500000.0
2025-11-13,BITB,-47000000.0
2025-11-13,BTCO,-30800000.0
2025-11-13,ARKB,-15700000.0
2025-11-13,HODL,-8300000.000000001
2025-11-13,EZBC,-5700000.0
2025-11-13,BRRR,0.0
2025-11-13,BTCW,0.0
2025-11-14,IBIT,-463100000.0
2025-11-14,GBTC,-25100000.0
2025-11-14,BTCW,-6000000.0
2025-11-14,FBTC,-2100000.0
2025-11-14,BITB,0.0
2025-11-14,ARKB,0.0
2025-11-14,BTCO,0.0
2025-11-14,EZBC,0.0
2025-11-14,BRRR,0.0
2025-11-14,HODL,0.0
2025-11-17,IBIT,-145600000.0
2025-11-17,GBTC,-34500000.0
2025-11-17,ARKB,-29700000.0
2025-11-17,HODL,-23300000.0
2025-11-17,FBTC,-12000000.0
2025-11-17,BITB,-9500000.0
2025-11-17,BTCO,0.0
2025-11-17,EZBC,0.0
2025-11-17,BRRR,0.0
2025-11-17,BTCW,0.0
2025-11-18,IBIT,-523200000.00000006
2025-11-18,EZBC,10800000.0
2025-11-18,FBTC,0.0
2025-11-18,BITB,0.0
2025-11-18,ARKB,0.0
2025-11-18,BTCO,0.0
2025-11-18,BRRR,0.0
2025-11-18,HODL,0.0
2025-11-18,BTCW,0.0
2025-11-18,GBTC,0.0
2025-11-19,IBIT,60600000.0
2025-11-19,FBTC,-21400000.0
2025-11-19,HODL,-17600000.0
2025-11-19,BITB,0.0
2025-11-19,ARKB,0.0
2025-11-19,BTCO,0.0
2025-11-19,EZBC,0.0
2025-11-19,BRRR,0.0
2025-11-19,BTCW,0.0
2025-11-19,GBTC,0.0
2025-11-20,IBIT,-355500000.0
2025-11-20,GBTC,-199400000.0
2025-11-20,FBTC,-190400000.0
2025-11-20,ARKB,-94400000.0
2025-11-20,HODL,-30600000.0
2025-11-20,BITB,-21200000.0
2025-11-20,EZBC,-7500000.0
2025-11-20,BTCO,0.0
2025-11-20,BRRR,0.0
2025-11-20,BTCW,0.0
2025-11-21,IBIT,-122000000.0
2025-11-21,FBTC,108000000.0
2025-11-21,GBTC,61500000.0
2025-11-21,ARKB,39100000.0
2025-11-21,BTCO,35800000.0
2025-11-21,BITB,22800000.0
2025-11-21,HODL,8300000.000000001
2025-11-21,EZBC,0.0
2025-11-21,BRRR,0.0
2025-11-21,BTCW,0.0
2025-11-24,IBIT,-149100000.0
2025-11-24,FBTC,15500000.0
2025-11-24,ARKB,-11600000.0
2025-11-24,BITB,-5800000.0
2025-11-24,BTCO,0.0
2025-11-24,EZBC,0.0
2025-11-24,BRRR,0.0
2025-11-24,HODL,0.0
2025-11-24,BTCW,0.0
2025-11-24,GBTC,0.0
2025-11-25,FBTC,170800000.0
2025-11-25,IBIT,83000000.0
2025-11-25,ARKB,-75900000.0
2025-11-25,HODL,-36900000.0
2025-11-25,BITB,-12300000.0
2025-11-25,BTCO,0.0
2025-11-25,EZBC,0.0
2025-11-25,BRRR,0.0
2025-11-25,BTCW,0.0
2025-11-25,GBTC,0.0
2025-11-26,IBIT,42800000.0
2025-11-26,FBTC,-33299999.999999996
2025-11-26,ARKB,6000000.0
2025-11-26,GBTC,5600000.0
2025-11-26,BITB,0.0
2025-11-26,BTCO,0.0
2025-11-26,EZBC,0.0
2025-11-26,BRRR,0.0
2025-11-26,HODL,0.0
2025-11-26,BTCW,0.0
2025-11-28,IBIT,-113700000.0
2025-11-28,ARKB,88000000.0
2025-11-28,FBTC,77500000.0
2025-11-28,GBTC,10700000.0
2025-11-28,BITB,0.0
2025-11-28,BTCO,0.0
2025-11-28,EZBC,0.0
2025-11-28,BRRR,0.0
2025-11-28,HODL,0.0
2025-11-28,BTCW,0.0
2025-12-01,FBTC,67000000.0
2025-12-01,IBIT,-65900000.00000001
2025-12-01,ARKB,7400000.0
2025-12-01,BITB,0.0
2025-12-01,BTCO,0.0
2025-12-01,EZBC,0.0
2025-12-01,BRRR,0.0
2025-12-01,HODL,0.0
2025-12-01,BTCW,0.0
2025-12-01,GBTC,0.0
2025-12-02,IBIT,120100000.0
2025-12-02,ARKB,-90900000.0
2025-12-02,FBTC,21900000.0
2025-12-02,BITB,7400000.0
2025-12-02,BTCO,0.0
2025-12-02,EZBC,0.0
2025-12-02,BRRR,0.0
2025-12-02,HODL,0.0
2025-12-02,BTCW,0.0
2025-12-02,GBTC,0.0
2025-12-03,IBIT,42200000.0
2025-12-03,ARKB,-37100000.0
2025-12-03,GBTC,-19600000.0
2025-12-03,FBTC,0.0
2025-12-03,BITB,0.0
2025-12-03,BTCO,0.0
2025-12-03,EZBC,0.0
2025-12-03,BRRR,0.0
2025-12-03,HODL,0.0
2025-12-03,BTCW,0.0
2025-12-04,IBIT,-113000000.0
2025-12-04,FBTC,-54200000.0
2025-12-04,HODL,-14300000.0
2025-12-04,GBTC,-10100000.0
2025-12-04,BITB,-3000000.0
2025-12-04,ARKB,0.0
2025-12-04,BTCO,0.0
2025-12-04,EZBC,0.0
2025-12-04,BRRR,0.0
2025-12-04,BTCW,0.0
2025-12-05,ARKB,42800000.0
2025-12-05,IBIT,-32500000.0
2025-12-05,FBTC,27300000.0
2025-12-05,HODL,11400000.0
2025-12-05,BITB,4900000.0
2025-12-05,BTCW,900000.0
2025-12-05,BTCO,0.0
2025-12-05,EZBC,0.0
2025-12-05,BRRR,0.0
2025-12-05,GBTC,0.0
2025-12-08,GBTC,-44000000.0
2025-12-08,FBTC,-39400000.0
2025-12-08,IBIT,28800000.0
2025-12-08,HODL,-5800000.0
2025-12-08,BITB,0.0
2025-12-08,ARKB,0.0
2025-12-08,BTCO,0.0
2025-12-08,EZBC,0.0
2025-12-08,BRRR,0.0
2025-12-08,BTCW,0.0
2025-12-09,FBTC,198900000.0
2025-12-09,IBIT,-135400000.0
2025-12-09,GBTC,17500000.0
2025-12-09,BITB,16200000.0
2025-12-09,EZBC,8100000.0
2025-12-09,BTCO,6500000.0
2025-12-09,ARKB,5300000.0
2025-12-09,BTCW,1000000.0
2025-12-09,BRRR,0.0
2025-12-09,HODL,0.0
2025-12-10,IBIT,192900000.0
2025-12-10,FBTC,30600000.0
2025-12-10,BITB,0.0
2025-12-10,ARKB,0.0
2025-12-10,BTCO,0.0
2025-12-10,EZBC,0.0
2025-12-10,BRRR,0.0
2025-12-10,HODL,0.0
2025-12-10,BTCW,0.0
2025-12-10,GBTC,0.0
2025-12-11,FBTC,-103600000.0
2025-12-11,IBIT,76700000.0
2025-12-11,HODL,-19400000.0
2025-12-11,ARKB,-16399999.999999998
2025-12-11,GBTC,-12200000.0
2025-12-11,BITB,8400000.0
2025-12-11,BTCO,0.0
2025-12-11,EZBC,0.0
2025-12-11,BRRR,0.0
2025-12-11,BTCW,0.0
2025-12-12,IBIT,51100000.0
2025-12-12,FBTC,-2000000.0
2025-12-12,BITB,0.0
2025-12-12,ARKB,0.0
2025-12-12,BTCO,0.0
2025-12-12,EZBC,0.0
2025-12-12,BRRR,0.0
2025-12-12,HODL,0.0
2025-12-12,BTCW,0.0
2025-12-12,GBTC,0.0
2025-12-15,FBTC,-230100000.0
2025-12-15,BITB,-44300000.0
2025-12-15,ARKB,-34500000.0
2025-12-15,GBTC,-27500000.0
2025-12-15,HODL,-21200000.0
2025-12-15,IBIT,0.0
2025-12-15,BTCO,0.0
2025-12-15,EZBC,0.0
2025-12-15,BRRR,0.0
2025-12-15,BTCW,0.0
2025-12-16,IBIT,-210700000.0
2025-12-16,BITB,-50900000.0
2025-12-16,FBTC,26700000.0
2025-12-16,HODL,-18000000.0
2025-12-16,ARKB,-16900000.0
2025-12-16,BTCO,0.0
2025-12-16,EZBC,0.0
2025-12-16,BRRR,0.0
2025-12-16,BTCW,0.0
2025-12-16,GBTC,0.0
2025-12-17,FBTC,391500000.0
2025-12-17,IBIT,111200000.0
2025-12-17,ARKB,-37000000.0
2025-12-17,BITB,-8400000.0
2025-12-17,BTCO,0.0
2025-12-17,EZBC,0.0
2025-12-17,BRRR,0.0
2025-12-17,HODL,0.0
2025-12-17,BTCW,0.0
2025-12-17,GBTC,0.0
2025-12-18,FBTC,-170300000.0
2025-12-18,IBIT,32799999.999999996
2025-12-18,ARKB,-12300000.0
2025-12-18,BITB,-11500000.0
2025-12-18,BTCO,0.0
2025-12-18,EZBC,0.0
2025-12-18,BRRR,0.0
2025-12-18,HODL,0.0
2025-12-18,BTCW,0.0
2025-12-18,GBTC,0.0
2025-12-19,IBIT,-173600000.0
2025-12-19,FBTC,15300000.0
2025-12-19,BITB,0.0
2025-12-19,ARKB,0.0
2025-12-19,BTCO,0.0
2025-12-19,EZBC,0.0
2025-12-19,BRRR,0.0
2025-12-19,HODL,0.0
2025-12-19,BTCW,0.0
2025-12-19,GBTC,0.0
2025-12-22,BITB,-35000000.0
2025-12-22,HODL,-33600000.0
2025-12-22,GBTC,-29000000.0
2025-12-22,ARKB,-21400000.0
2025-12-22,IBIT,6000000.0
2025-12-22,FBTC,-3800000.0
2025-12-22,BTCO,0.0
2025-12-22,EZBC,0.0
2025-12-22,BRRR,0.0
2025-12-22,BTCW,0.0
2025-12-23,IBIT,-157300000.0
2025-12-23,FBTC,-15300000.0
2025-12-23,GBTC,-10300000.0
2025-12-23,BITB,-5700000.0
2025-12-23,ARKB,0.0
2025-12-23,BTCO,0.0
2025-12-23,EZBC,0.0
2025-12-23,BRRR,0.0
2025-12-23,HODL,0.0
2025-12-23,BTCW,0.0
2025-12-24,IBIT,-91400000.0
2025-12-24,GBTC,-24600000.0
2025-12-24,FBTC,-17200000.0
2025-12-24,BITB,-13300000.0
2025-12-24,ARKB,-9900000.0
2025-12-24,HODL,-8000000.0
2025-12-24,EZBC,-5100000.0
2025-12-24,BTCO,0.0
2025-12-24,BRRR,0.0
2025-12-24,BTCW,0.0
2025-12-26,IBIT,-192600000.0
2025-12-26,FBTC,-74400000.0
2025-12-26,GBTC,-8900000.0
2025-12-26,BITB,0.0
2025-12-26,ARKB,0.0
2025-12-26,BTCO,0.0
2025-12-26,EZBC,0.0
2025-12-26,BRRR,0.0
2025-12-26,HODL,0.0
2025-12-26,BTCW,0.0
2025-12-29,BTCO,-10400000.0
2025-12-29,IBIT,-7900000.0
2025-12-29,ARKB,-6700000.0
2025-12-29,FBTC,5700000.0
2025-12-29,BITB,0.0
2025-12-29,EZBC,0.0
2025-12-29,BRRR,0.0
2025-12-29,HODL,0.0
2025-12-29,BTCW,0.0
2025-12-29,GBTC,0.0
2025-12-30,IBIT,143700000.0
2025-12-30,ARKB,109600000.0
2025-12-30,FBTC,78600000.0
2025-12-30,BITB,13900000.0
2025-12-30,HODL,5000000.0
2025-12-30,BTCO,0.0
2025-12-30,EZBC,0.0
2025-12-30,BRRR,0.0
2025-12-30,BTCW,0.0
2025-12-30,GBTC,0.0
2025-12-31,IBIT,-99000000.0
2025-12-31,ARKB,-76500000.0
2025-12-31,GBTC,-69100000.0
2025-12-31,FBTC,-66599999.99999999
2025-12-31,BITB,-13800000.0
2025-12-31,HODL,-6800000.0
2025-12-31,EZBC,-5100000.0
2025-12-31,BTCO,0.0
2025-12-31,BRRR,0.0
2025-12-31,BTCW,0.0
2026-01-02,IBIT,287400000.0
2026-01-02,FBTC,88100000.0
2026-01-02,BITB,41500000.0
2026-01-02,GBTC,15400000.0
2026-01-02,EZBC,13000000.0
2026-01-02,HODL,8300000.000000001
2026-01-02,ARKB,6700000.0
2026-01-02,BTCO,4500000.0
2026-01-02,BRRR,0.0
2026-01-02,BTCW,0.0
2026-01-05,IBIT,372500000.0
2026-01-05,FBTC,191200000.0
2026-01-05,BITB,38500000.0
2026-01-05,ARKB,36000000.0
2026-01-05,BTCO,15000000.0
2026-01-05,EZBC,13600000.0
2026-01-05,BRRR,7200000.0
2026-01-05,HODL,5300000.0
2026-01-05,BTCW,0.0
2026-01-05,GBTC,0.0
2026-01-06,FBTC,-312200000.0
2026-01-06,IBIT,228700000.0
2026-01-06,GBTC,-83100000.0
2026-01-06,ARKB,-29500000.0
2026-01-06,HODL,-14400000.0
2026-01-06,BITB,0.0
2026-01-06,BTCO,0.0
2026-01-06,EZBC,0.0
2026-01-06,BRRR,0.0
2026-01-06,BTCW,0.0
2026-01-07,FBTC,-247600000.0
2026-01-07,IBIT,-130000000.0
2026-01-07,ARKB,-42300000.0
2026-01-07,BITB,-39000000.0
2026-01-07,GBTC,-15600000.0
2026-01-07,HODL,-11600000.0
2026-01-07,BTCO,0.0
2026-01-07,EZBC,0.0
2026-01-07,BRRR,0.0
2026-01-07,BTCW,0.0
2026-01-08,IBIT,-193300000.0
2026-01-08,FBTC,-120500000.0
2026-01-08,GBTC,-73100000.0
2026-01-08,ARKB,-9600000.0
2026-01-08,BITB,3000000.0
2026-01-08,BTCW,1900000.0
2026-01-08,BTCO,0.0
2026-01-08,EZBC,0.0
2026-01-08,BRRR,0.0
2026-01-08,HODL,0.0
2026-01-09,IBIT,-252000000.0
2026-01-09,FBTC,7900000.0
2026-01-09,BITB,-5900000.0
2026-01-09,ARKB,0.0
2026-01-09,BTCO,0.0
2026-01-09,EZBC,0.0
2026-01-09,BRRR,0.0
2026-01-09,HODL,0.0
2026-01-09,BTCW,0.0
2026-01-09,GBTC,0.0
2026-01-12,FBTC,111700000.0
2026-01-12,IBIT,-70700000.0
2026-01-12,GBTC,64300000.0
2026-01-12,HODL,6500000.0
2026-01-12,BITB,0.0
2026-01-12,ARKB,0.0
2026-01-12,BTCO,0.0
2026-01-12,EZBC,0.0
2026-01-12,BRRR,0.0
2026-01-12,BTCW,0.0
2026-01-13,FBTC,351400000.0
2026-01-13,BITB,159400000.0
2026-01-13,IBIT,126300000.0
2026-01-13,ARKB,84900000.0
2026-01-13,HODL,10000000.0
2026-01-13,BTCW,3000000.0
2026-01-13,BTCO,0.0
2026-01-13,EZBC,0.0
2026-01-13,BRRR,0.0
2026-01-13,GBTC,0.0
2026-01-14,IBIT,648400000.0
2026-01-14,FBTC,125400000.0
2026-01-14,ARKB,27000000.0
2026-01-14,GBTC,15300000.0
2026-01-14,BITB,10600000.0
2026-01-14,HODL,8300000.000000001
2026-01-14,EZBC,5600000.0
2026-01-14,BTCO,0.0
2026-01-14,BRRR,0.0
2026-01-14,BTCW,0.0
2026-01-15,IBIT,315800000.0
2026-01-15,FBTC,-188900000.0
2026-01-15,GBTC,-36400000.0
2026-01-15,BRRR,3000000.0
2026-01-15,BITB,0.0
2026-01-15,ARKB,0.0
2026-01-15,BTCO,0.0
2026-01-15,EZBC,0.0
2026-01-15,HODL,0.0
2026-01-15,BTCW,0.0
2026-01-16,FBTC,-205200000.0
2026-01-16,BITB,-90400000.0
2026-01-16,ARKB,-69400000.0
2026-01-16,GBTC,-44800000.0
2026-01-16,IBIT,15100000.0
2026-01-16,BTCO,0.0
2026-01-16,EZBC,0.0
2026-01-16,BRRR,0.0
2026-01-16,HODL,0.0
2026-01-16,BTCW,0.0
2026-01-20,GBTC,-160800000.0
2026-01-20,FBTC,-152100000.0
2026-01-20,IBIT,-56900000.0
2026-01-20,ARKB,-46400000.0
2026-01-20,BITB,-40400000.0
2026-01-20,HODL,-12700000.0
2026-01-20,EZBC,-10400000.0
2026-01-20,BTCO,0.0
2026-01-20,BRRR,0.0
2026-01-20,BTCW,0.0
2026-01-21,IBIT,-356600000.0
2026-01-21,FBTC,-287700000.0
2026-01-21,ARKB,-29800000.0
2026-01-21,BITB,-25900000.0
2026-01-21,GBTC,-11300000.0
2026-01-21,HODL,6400000.0
2026-01-21,BRRR,-3800000.0
2026-01-21,BTCO,0.0
2026-01-21,EZBC,0.0
2026-01-21,BTCW,0.0
2026-01-22,IBIT,-22400000.0
2026-01-22,FBTC,-9800000.0
2026-01-22,BITB,0.0
2026-01-22,ARKB,0.0
2026-01-22,BTCO,0.0
2026-01-22,EZBC,0.0
2026-01-22,BRRR,0.0
2026-01-22,HODL,0.0
2026-01-22,BTCW,0.0
2026-01-22,GBTC,0.0
2026-01-23,IBIT,-101600000.0
2026-01-23,FBTC,-1900000.0
2026-01-23,BITB,0.0
2026-01-23,ARKB,0.0
2026-01-23,BTCO,0.0
2026-01-23,EZBC,0.0
2026-01-23,BRRR,0.0
2026-01-23,HODL,0.0
2026-01-23,BTCW,0.0
2026-01-23,GBTC,0.0
2026-01-26,IBIT,15900000.0
2026-01-26,BITB,-11000000.0
2026-01-26,FBTC,-5700000.0
2026-01-26,ARKB,-2900000.0
2026-01-26,BTCW,2800000.0
2026-01-26,BTCO,0.0
2026-01-26,EZBC,0.0
2026-01-26,BRRR,0.0
2026-01-26,HODL,0.0
2026-01-26,GBTC,0.0
2026-01-27,IBIT,-102800000.0
2026-01-27,FBTC,-44600000.0
2026-01-27,BITB,0.0
2026-01-27,ARKB,0.0
2026-01-27,BTCO,0.0
2026-01-27,EZBC,0.0
2026-01-27,BRRR,0.0
2026-01-27,HODL,0.0
2026-01-27,BTCW,0.0
2026-01-27,GBTC,0.0
2026-01-28,FBTC,19500000.0
2026-01-28,IBIT,-14200000.0
2026-01-28,BITB,-12600000.0
2026-01-28,ARKB,-12300000.0
2026-01-28,BTCO,0.0
2026-01-28,EZBC,0.0
2026-01-28,BRRR,0.0
2026-01-28,HODL,0.0
2026-01-28,BTCW,0.0
2026-01-28,GBTC,0.0
2026-01-29,IBIT,-317800000.0
2026-01-29,FBTC,-168000000.0
2026-01-29,GBTC,-119400000.0
2026-01-29,BITB,-88900000.0
2026-01-29,ARKB,-71600000.0
2026-01-29,BTCO,-8400000.0
2026-01-29,HODL,-6500000.0
2026-01-29,EZBC,0.0
2026-01-29,BRRR,0.0
2026-01-29,BTCW,0.0
2026-01-30,IBIT,-528299999.99999994
2026-01-30,ARKB,8300000.000000001
2026-01-30,FBTC,7300000.0
2026-01-30,HODL,3000000.0
2026-01-30,BITB,0.0
2026-01-30,BTCO,0.0
2026-01-30,EZBC,0.0
2026-01-30,BRRR,0.0
2026-01-30,BTCW,0.0
2026-01-30,GBTC,0.0
2026-02-02,FBTC,153300000.0
2026-02-02,IBIT,142000000.0
2026-02-02,BITB,96500000.0
2026-02-02,ARKB,65099999.99999999
2026-02-02,HODL,24300000.0
2026-02-02,BTCO,10100000.0
2026-02-02,BTCW,3300000.0
2026-02-02,EZBC,0.0
2026-02-02,BRRR,0.0
2026-02-02,GBTC,0.0
2026-02-03,FBTC,-148700000.0
2026-02-03,ARKB,-62500000.0
2026-02-03,IBIT,60000000.0
2026-02-03,GBTC,-56600000.0
2026-02-03,BITB,-23400000.0
2026-02-03,HODL,-4800000.0
2026-02-03,EZBC,-2200000.0
2026-02-03,BTCO,0.0
2026-02-03,BRRR,0.0
2026-02-03,BTCW,0.0
2026-02-04,IBIT,-373400000.0
2026-02-04,FBTC,-86400000.0
2026-02-04,GBTC,-41800000.0
2026-02-04,ARKB,-31700000.0
2026-02-04,EZBC,-6400000.0
2026-02-04,HODL,-5200000.0
2026-02-04,BITB,0.0
2026-02-04,BTCO,0.0
2026-02-04,BRRR,0.0
2026-02-04,BTCW,0.0
2026-02-05,IBIT,-175300000.0
2026-02-05,FBTC,-109500000.0
2026-02-05,GBTC,-75400000.0
2026-02-05,ARKB,-23100000.0
2026-02-05,BITB,-15600000.0
2026-02-05,BTCO,0.0
2026-02-05,EZBC,0.0
2026-02-05,BRRR,0.0
2026-02-05,HODL,0.0
2026-02-05,BTCW,0.0
2026-02-06,IBIT,231600000.0
2026-02-06,ARKB,43300000.0
2026-02-06,BITB,28700000.0
2026-02-06,FBTC,24500000.0
2026-02-06,HODL,15900000.0
2026-02-06,BTCO,7000000.0
2026-02-06,EZBC,0.0
2026-02-06,BRRR,0.0
2026-02-06,BTCW,0.0
2026-02-06,GBTC,0.0
2026-02-09,IBIT,-20900000.0
2026-02-09,ARKB,14100000.0
2026-02-09,HODL,12000000.0
2026-02-09,EZBC,6100000.0
2026-02-09,FBTC,3100000.0
2026-02-09,BITB,0.0
2026-02-09,BTCO,0.0
2026-02-09,BRRR,0.0
2026-02-09,BTCW,0.0
2026-02-09,GBTC,0.0
2026-02-10,ARKB,68500000.0
2026-02-10,FBTC,56900000.0
2026-02-10,IBIT,26500000.0
2026-02-10,BRRR,4900000.0
2026-02-10,BTCW,3600000.0
2026-02-10,BITB,0.0
2026-02-10,BTCO,0.0
2026-02-10,EZBC,0.0
2026-02-10,HODL,0.0
2026-02-10,GBTC,0.0
2026-02-11,FBTC,-92600000.0
2026-02-11,IBIT,-73400000.0
2026-02-11,ARKB,-70500000.0
2026-02-11,BITB,-22000000.0
2026-02-11,GBTC,-17900000.0
2026-02-11,BTCW,6800000.0
2026-02-11,HODL,-6700000.0
2026-02-11,BTCO,0.0
2026-02-11,EZBC,0.0
2026-02-11,BRRR,0.0
2026-02-12,IBIT,-157600000.0
2026-02-12,FBTC,-104100000.0
2026-02-12,GBTC,-59100000.0
2026-02-12,ARKB,-31500000.0
2026-02-12,BITB,-7800000.0
2026-02-12,BTCO,-6800000.0
2026-02-12,EZBC,-3800000.0
2026-02-12,HODL,-3200000.0
2026-02-12,BRRR,-2800000.0
2026-02-12,BTCW,0.0
2026-02-13,FBTC,12000000.0
2026-02-13,IBIT,-9400000.0
2026-02-13,BTCW,3600000.0
2026-02-13,HODL,1900000.0
2026-02-13,BITB,0.0
2026-02-13,ARKB,0.0
2026-02-13,BTCO,0.0
2026-02-13,EZBC,0.0
2026-02-13,BRRR,0.0
2026-02-13,GBTC,0.0
2026-02-17,IBIT,-119700000.0
2026-02-17,BITB,-10300000.0
2026-02-17,GBTC,-8500000.0
2026-02-17,ARKB,-8300000.000000001
2026-02-17,FBTC,5900000.0
2026-02-17,BTCO,0.0
2026-02-17,EZBC,0.0
2026-02-17,BRRR,0.0
2026-02-17,HODL,0.0
2026-02-17,BTCW,0.0
2026-02-18,IBIT,-84200000.0
2026-02-18,FBTC,-49100000.0
2026-02-18,BITB,0.0
2026-02-18,ARKB,0.0
2026-02-18,BTCO,0.0
2026-02-18,EZBC,0.0
2026-02-18,BRRR,0.0
2026-02-18,HODL,0.0
2026-02-18,BTCW,0.0
2026-02-18,GBTC,0.0
2026-02-19,IBIT,-164100000.0
2026-02-19,BRRR,-1700000.0
2026-02-19,FBTC,0.0
2026-02-19,BITB,0.0
2026-02-19,ARKB,0.0
2026-02-19,BTCO,0.0
2026-02-19,EZBC,0.0
2026-02-19,HODL,0.0
2026-02-19,BTCW,0.0
2026-02-19,GBTC,0.0
2026-02-20,IBIT,64500000.0
2026-02-20,FBTC,23600000.0
2026-02-20,BITB,0.0
2026-02-20,ARKB,0.0
2026-02-20,BTCO,0.0
2026-02-20,EZBC,0.0
2026-02-20,BRRR,0.0
2026-02-20,HODL,0.0
2026-02-20,BTCW,0.0
2026-02-20,GBTC,0.0
2026-02-23,IBIT,-116400000.0
2026-02-23,BITB,-43600000.0
2026-02-23,FBTC,-27900000.0
2026-02-23,GBTC,-13100000.0
2026-02-23,ARKB,-9200000.0
2026-02-23,HODL,6400000.0
2026-02-23,BTCO,0.0
2026-02-23,EZBC,0.0
2026-02-23,BRRR,0.0
2026-02-23,BTCW,0.0
2026-02-24,FBTC,82800000.0
2026-02-24,IBIT,78900000.0
2026-02-24,ARKB,71100000.0
2026-02-24,HODL,12800000.0
2026-02-24,BITB,3500000.0
2026-02-24,BTCO,0.0
2026-02-24,EZBC,0.0
2026-02-24,BRRR,0.0
2026-02-24,BTCW,0.0
2026-02-24,GBTC,0.0
2026-02-25,IBIT,297400000.0
2026-02-25,GBTC,102500000.0
2026-02-25,BITB,39400000.0
2026-02-25,FBTC,30100000.0
2026-02-25,HODL,15600000.0
2026-02-25,ARKB,2300000.0
2026-02-25,BTCO,0.0
2026-02-25,EZBC,0.0
2026-02-25,BRRR,0.0
2026-02-25,BTCW,0.0
2026-02-26,IBIT,275800000.0
2026-02-26,BITB,69000000.0
2026-02-26,FBTC,-51500000.0
2026-02-26,ARKB,-44900000.0
2026-02-26,BTCO,0.0
2026-02-26,EZBC,0.0
2026-02-26,BRRR,0.0
2026-02-26,HODL,0.0
2026-02-26,BTCW,0.0
2026-02-26,GBTC,0.0
2026-02-27,IBIT,-32700000.000000004
2026-02-27,BTCO,3300000.0
2026-02-27,EZBC,1900000.0
2026-02-27,FBTC,0.0
2026-02-27,BITB,0.0
2026-02-27,ARKB,0.0
2026-02-27,BRRR,0.0
2026-02-27,HODL,0.0
2026-02-27,BTCW,0.0
2026-02-27,GBTC,0.0
2026-03-02,IBIT,263200000.0
2026-03-02,FBTC,94800000.0
2026-03-02,BITB,36400000.0
2026-03-02,HODL,19500000.0
2026-03-02,EZBC,14000000.0
2026-03-02,BTCO,6200000.0
2026-03-02,ARKB,5700000.0
2026-03-02,BRRR,0.0
2026-03-02,BTCW,0.0
2026-03-02,GBTC,0.0
2026-03-03,IBIT,322400000.0
2026-03-03,FBTC,-89300000.0
2026-03-03,GBTC,-28200000.0
2026-03-03,BRRR,11600000.0
2026-03-03,BTCW,8700000.0
2026-03-03,BITB,0.0
2026-03-03,ARKB,0.0
2026-03-03,BTCO,0.0
2026-03-03,EZBC,0.0
2026-03-03,HODL,0.0
2026-03-04,IBIT,306600000.0
2026-03-04,FBTC,48000000.0
2026-03-04,GBTC,21700000.0
2026-03-04,ARKB,14600000.0
2026-03-04,BTCO,9100000.0
2026-03-04,EZBC,8500000.0
2026-03-04,BITB,8000000.0
2026-03-04,BTCW,7800000.0
2026-03-04,HODL,5200000.0
2026-03-04,BRRR,0.0
2026-03-05,IBIT,-88700000.0
2026-03-05,FBTC,-48000000.0
2026-03-05,BITB,-46400000.0
2026-03-05,ARKB,-22700000.0
2026-03-05,GBTC,-18900000.0
2026-03-05,HODL,-8600000.0
2026-03-05,BRRR,5400000.0
2026-03-05,BTCO,0.0
2026-03-05,EZBC,0.0
2026-03-05,BTCW,0.0
2026-03-06,FBTC,-158500000.0
2026-03-06,IBIT,-143500000.0
2026-03-06,BITB,-22200000.0
2026-03-06,GBTC,-9600000.0
2026-03-06,HODL,-5800000.0
2026-03-06,ARKB,-4500000.0
2026-03-06,BTCO,0.0
2026-03-06,EZBC,0.0
2026-03-06,BRRR,0.0
2026-03-06,BTCW,0.0
2026-03-09,IBIT,109300000.0
2026-03-09,FBTC,60100000.0
2026-03-09,HODL,4900000.0
2026-03-09,BITB,-4500000.0
2026-03-09,ARKB,-2700000.0
2026-03-09,BTCO,0.0
2026-03-09,EZBC,0.0
2026-03-09,BRRR,0.0
2026-03-09,BTCW,0.0
2026-03-09,GBTC,0.0
2026-03-10,IBIT,185800000.0
2026-03-10,FBTC,33500000.0
2026-03-10,BITB,16399999.999999998
2026-03-10,HODL,5900000.0
2026-03-10,ARKB,4099999.9999999995
2026-03-10,BRRR,-4099999.9999999995
2026-03-10,BTCO,0.0
2026-03-10,EZBC,0.0
2026-03-10,BTCW,0.0
2026-03-10,GBTC,0.0
2026-03-11,IBIT,115300000.0
2026-03-11,GBTC,-16000000.0
2026-03-11,FBTC,15400000.0
2026-03-11,HODL,-4500000.0
2026-03-11,BITB,0.0
2026-03-11,ARKB,0.0
2026-03-11,BTCO,0.0
2026-03-11,EZBC,0.0
2026-03-11,BRRR,0.0
2026-03-11,BTCW,0.0
2026-03-12,IBIT,46100000.0
2026-03-12,FBTC,15300000.0
2026-03-12,GBTC,-9900000.0
2026-03-12,BITB,-5700000.0
2026-03-12,ARKB,3000000.0
2026-03-12,BTCO,0.0
2026-03-12,EZBC,0.0
2026-03-12,BRRR,0.0
2026-03-12,HODL,0.0
2026-03-12,BTCW,0.0
2026-03-13,IBIT,143600000.0
2026-03-13,FBTC,23200000.0
2026-03-13,HODL,8100000.0
2026-03-13,BITB,3100000.0
2026-03-13,ARKB,2400000.0
2026-03-13,BTCO,0.0
2026-03-13,EZBC,0.0
2026-03-13,BRRR,0.0
2026-03-13,BTCW,0.0
2026-03-13,GBTC,0.0
2026-03-16,IBIT,139400000.0
2026-03-16,FBTC,64500000.0
2026-03-16,HODL,-6300000.0
2026-03-16,ARKB,-3100000.0
2026-03-16,BITB,2800000.0
2026-03-16,EZBC,2100000.0
2026-03-16,BTCO,0.0
2026-03-16,BRRR,0.0
2026-03-16,BTCW,0.0
2026-03-16,GBTC,0.0
2026-03-17,IBIT,169300000.0
2026-03-17,FBTC,24400000.0
2026-03-17,HODL,3200000.0
2026-03-17,ARKB,2500000.0
2026-03-17,BITB,0.0
2026-03-17,BTCO,0.0
2026-03-17,EZBC,0.0
2026-03-17,BRRR,0.0
2026-03-17,BTCW,0.0
2026-03-17,GBTC,0.0
2026-03-18,FBTC,-103800000.0
2026-03-18,IBIT,-33900000.0
2026-03-18,GBTC,-18800000.0
2026-03-18,BITB,-7000000.0
2026-03-18,ARKB,0.0
2026-03-18,BTCO,0.0
2026-03-18,EZBC,0.0
2026-03-18,BRRR,0.0
2026-03-18,HODL,0.0
2026-03-18,BTCW,0.0
2026-03-19,IBIT,-38300000.0
2026-03-19,FBTC,-26000000.0
2026-03-19,BITB,-17200000.0
2026-03-19,ARKB,-15200000.0
2026-03-19,GBTC,-5500000.0
2026-03-19,EZBC,4099999.9999999995
2026-03-19,BRRR,3200000.0
2026-03-19,BTCO,0.0
2026-03-19,HODL,0.0
2026-03-19,BTCW,0.0
2026-03-20,IBIT,-45900000.0
2026-03-20,FBTC,-9100000.0
2026-03-20,HODL,3000000.0
2026-03-20,BITB,0.0
2026-03-20,ARKB,0.0
2026-03-20,BTCO,0.0
2026-03-20,EZBC,0.0
2026-03-20,BRRR,0.0
2026-03-20,BTCW,0.0
2026-03-20,GBTC,0.0
2026-03-23,IBIT,160800000.0
2026-03-23,FBTC,41700000.0
2026-03-23,GBTC,-25900000.0
2026-03-23,ARKB,-9400000.0
2026-03-23,BITB,0.0
2026-03-23,BTCO,0.0
2026-03-23,EZBC,0.0
2026-03-23,BRRR,0.0
2026-03-23,HODL,0.0
2026-03-23,BTCW,0.0
2026-03-24,FBTC,-45300000.0
2026-03-24,BITB,-16600000.000000002
2026-03-24,HODL,-7900000.0
2026-03-24,IBIT,-4700000.0
2026-03-24,ARKB,0.0
2026-03-24,BTCO,0.0
2026-03-24,EZBC,0.0
2026-03-24,BRRR,0.0
2026-03-24,BTCW,0.0
2026-03-24,GBTC,0.0
2026-03-25,FBTC,83300000.0
2026-03-25,IBIT,-70700000.0
2026-03-25,ARKB,-4800000.0
2026-03-25,BITB,0.0
2026-03-25,BTCO,0.0
2026-03-25,EZBC,0.0
2026-03-25,BRRR,0.0
2026-03-25,HODL,0.0
2026-03-25,BTCW,0.0
2026-03-25,GBTC,0.0
2026-03-26,IBIT,-41900000.0
2026-03-26,BITB,-33100000.0
2026-03-26,FBTC,-32799999.999999996
2026-03-26,ARKB,-30500000.0
2026-03-26,GBTC,-25100000.0
2026-03-26,HODL,-2400000.0
2026-03-26,BTCO,0.0
2026-03-26,EZBC,0.0
2026-03-26,BRRR,0.0
2026-03-26,BTCW,0.0
2026-03-27,IBIT,-201500000.0
2026-03-27,BITB,-18600000.0
2026-03-27,ARKB,-5400000.0
2026-03-27,FBTC,0.0
2026-03-27,BTCO,0.0
2026-03-27,EZBC,0.0
2026-03-27,BRRR,0.0
2026-03-27,HODL,0.0
2026-03-27,BTCW,0.0
2026-03-27,GBTC,0.0
2026-03-30,ARKB,33000000.0
2026-03-30,FBTC,28900000.0
2026-03-30,IBIT,7500000.0
2026-03-30,BITB,0.0
2026-03-30,BTCO,0.0
2026-03-30,EZBC,0.0
2026-03-30,BRRR,0.0
2026-03-30,HODL,0.0
2026-03-30,BTCW,0.0
2026-03-30,GBTC,0.0
2026-03-31,IBIT,98400000.0
2026-03-31,FBTC,16200000.0
2026-03-31,BITB,1800000.0
2026-03-31,ARKB,1100000.0
2026-03-31,BTCO,0.0
2026-03-31,EZBC,0.0
2026-03-31,BRRR,0.0
2026-03-31,HODL,0.0
2026-03-31,BTCW,0.0
2026-03-31,GBTC,0.0
2026-04-01,IBIT,-86500000.0
2026-04-01,FBTC,-78600000.0
2026-04-01,GBTC,-13300000.0
2026-04-01,BITB,-5600000.0
2026-04-01,ARKB,0.0
2026-04-01,BTCO,0.0
2026-04-01,EZBC,0.0
2026-04-01,BRRR,0.0
2026-04-01,HODL,0.0
2026-04-01,BTCW,0.0
2026-04-02,FBTC,7300000.0
2026-04-02,HODL,4700000.0
2026-04-02,IBIT,-3000000.0
2026-04-02,BITB,0.0
2026-04-02,ARKB,0.0
2026-04-02,BTCO,0.0
2026-04-02,EZBC,0.0
2026-04-02,BRRR,0.0
2026-04-02,BTCW,0.0
2026-04-02,GBTC,0.0
2026-04-06,IBIT,181900000.0
2026-04-06,FBTC,147300000.0
2026-04-06,ARKB,118800000.0
2026-04-06,BITB,3800000.0
2026-04-06,HODL,2000000.0
2026-04-06,BTCO,0.0
2026-04-06,EZBC,0.0
2026-04-06,BRRR,0.0
2026-04-06,BTCW,0.0
2026-04-06,GBTC,0.0
2026-04-07,FBTC,-47800000.0
2026-04-07,GBTC,-41900000.0
2026-04-07,ARKB,-34200000.0
2026-04-07,HODL,-20400000.0
2026-04-07,IBIT,-17100000.0
2026-04-07,BRRR,2300000.0
2026-04-07,BITB,0.0
2026-04-07,BTCO,0.0
2026-04-07,EZBC,0.0
2026-04-07,BTCW,0.0
2026-04-08,FBTC,-79100000.0
2026-04-08,ARKB,-74700000.0
2026-04-08,IBIT,40400000.0
2026-04-08,MSBT,30600000.0
2026-04-08,GBTC,-11100000.0
2026-04-08,BITB,0.0
2026-04-08,BTCO,0.0
2026-04-08,EZBC,0.0
2026-04-08,BRRR,0.0
2026-04-08,HODL,0.0
2026-04-08,BTCW,0.0
2026-04-09,IBIT,269300000.0
2026-04-09,FBTC,53300000.0
2026-04-09,MSBT,14900000.0
2026-04-09,BITB,11700000.0
2026-04-09,ARKB,4800000.0
2026-04-09,EZBC,2100000.0
2026-04-09,HODL,2000000.0
2026-04-09,BTCO,0.0
2026-04-09,BRRR,0.0
2026-04-09,BTCW,0.0
2026-04-09,GBTC,0.0
2026-04-10,IBIT,137600000.0
2026-04-10,FBTC,78000000.0
2026-04-10,MSBT,16300000.0
2026-04-10,BITB,9500000.0
2026-04-10,ARKB,3600000.0
2026-04-10,HODL,2600000.0
2026-04-10,BTCO,0.0
2026-04-10,EZBC,0.0
2026-04-10,BRRR,0.0
2026-04-10,BTCW,0.0
2026-04-10,GBTC,0.0
2026-04-13,FBTC,-229200000.0
2026-04-13,ARKB,-62900000.0
2026-04-13,GBTC,-38200000.0
2026-04-13,IBIT,34700000.0
2026-04-13,BITB,11900000.0
2026-04-13,MSBT,6300000.0
2026-04-13,HODL,-2600000.0
2026-04-13,BTCO,0.0
2026-04-13,EZBC,0.0
2026-04-13,BRRR,0.0
2026-04-13,BTCW,0.0
2026-04-14,IBIT,213800000.0
2026-04-14,ARKB,113100000.0
2026-04-14,FBTC,45300000.0
2026-04-14,MSBT,15500000.0
2026-04-14,BITB,12500000.0
2026-04-14,HODL,6300000.0
2026-04-14,BTCO,0.0
2026-04-14,EZBC,0.0
2026-04-14,BRRR,0.0
2026-04-14,BTCW,0.0
2026-04-14,GBTC,0.0
2026-04-15,IBIT,291900000.0
2026-04-15,FBTC,-47300000.0
2026-04-15,ARKB,-42200000.0
2026-04-15,GBTC,-23400000.0
2026-04-15,MSBT,19300000.0
2026-04-15,BITB,-8500000.0
2026-04-15,HODL,-3700000.0
2026-04-15,BTCO,0.0
2026-04-15,EZBC,0.0
2026-04-15,BRRR,0.0
2026-04-15,BTCW,0.0
2026-04-16,IBIT,81700000.0
2026-04-16,FBTC,-36000000.0
2026-04-16,ARKB,-27400000.0
2026-04-16,GBTC,-22300000.0
2026-04-16,MSBT,13400000.0
2026-04-16,BITB,0.0
2026-04-16,BTCO,0.0
2026-04-16,EZBC,0.0
2026-04-16,BRRR,0.0
2026-04-16,HODL,0.0
2026-04-16,BTCW,0.0
2026-04-17,IBIT,284000000.0
2026-04-17,FBTC,163400000.0
2026-04-17,ARKB,117900000.0
2026-04-17,BITB,38200000.0
2026-04-17,MSBT,16600000.000000002
2026-04-17,HODL,6600000.0
2026-04-17,GBTC,4200000.0
2026-04-17,BTCO,3900000.0
2026-04-17,EZBC,0.0
2026-04-17,BRRR,0.0
2026-04-17,BTCW,0.0
2026-04-20,IBIT,256000000.0
2026-04-20,GBTC,-24900000.0
2026-04-20,MSBT,8100000.0
2026-04-20,FBTC,-6600000.0
2026-04-20,BRRR,5800000.0
2026-04-20,BITB,0.0
2026-04-20,ARKB,0.0
2026-04-20,BTCO,0.0
2026-04-20,EZBC,0.0
2026-04-20,HODL,0.0
2026-04-20,BTCW,0.0
2026-04-21,IBIT,39300000.0
2026-04-21,GBTC,-17500000.0
2026-04-21,ARKB,-14500000.0
2026-04-21,BITB,-12700000.0
2026-04-21,MSBT,10800000.0
2026-04-21,FBTC,-6600000.0
2026-04-21,HODL,-4300000.0
2026-04-21,BTCO,0.0
2026-04-21,EZBC,0.0
2026-04-21,BRRR,0.0
2026-04-21,BTCW,0.0
2026-04-22,IBIT,246900000.0
2026-04-22,FBTC,56700000.0
2026-04-22,GBTC,-16600000.000000002
2026-04-22,BITB,15400000.0
2026-04-22,ARKB,11900000.0
2026-04-22,MSBT,11300000.0
2026-04-22,BTCW,6300000.0
2026-04-22,HODL,3900000.0
2026-04-22,BTCO,0.0
2026-04-22,EZBC,0.0
2026-04-22,BRRR,0.0
2026-04-23,IBIT,167500000.0
2026-04-23,ARKB,71200000.0
2026-04-23,FBTC,-16900000.0
2026-04-23,MSBT,9400000.0
2026-04-23,BITB,-7600000.0
2026-04-23,HODL,-5500000.0
2026-04-23,BTCO,0.0
2026-04-23,EZBC,0.0
2026-04-23,BRRR,0.0
2026-04-23,BTCW,0.0
2026-04-23,GBTC,0.0
2026-04-24,IBIT,22900000.0
2026-04-24,MSBT,11100000.0
2026-04-24,ARKB,-9000000.0
2026-04-24,BITB,-8900000.0
2026-04-24,FBTC,-1700000.0
2026-04-24,BTCO,0.0
2026-04-24,EZBC,0.0
2026-04-24,BRRR,0.0
2026-04-24,HODL,0.0
2026-04-24,BTCW,0.0
2026-04-24,GBTC,0.0
2026-04-27,FBTC,-150400000.0
2026-04-27,GBTC,-46600000.0
2026-04-27,ARKB,-43300000.0
2026-04-27,HODL,-14100000.0
2026-04-27,BITB,-8800000.0
2026-04-27,IBIT,0.0
2026-04-27,BTCO,0.0
2026-04-27,EZBC,0.0
2026-04-27,BRRR,0.0
2026-04-27,BTCW,0.0
2026-04-27,MSBT,0.0
2026-04-28,IBIT,-112200000.0
2026-04-28,ARKB,41200000.0
2026-04-28,BITB,-13700000.0
2026-04-28,FBTC,-5000000.0
2026-04-28,BTCO,0.0
2026-04-28,EZBC,0.0
2026-04-28,BRRR,0.0
2026-04-28,HODL,0.0
2026-04-28,BTCW,0.0
2026-04-28,MSBT,0.0
2026-04-28,GBTC,0.0
2026-04-29,IBIT,-54700000.0
2026-04-29,FBTC,-36100000.0
2026-04-29,ARKB,-30000000.0
2026-04-29,GBTC,-21100000.0
2026-04-29,MSBT,10800000.0
2026-04-29,EZBC,-6500000.0
2026-04-29,BITB,0.0
2026-04-29,BTCO,0.0
2026-04-29,BRRR,0.0
2026-04-29,HODL,0.0
2026-04-29,BTCW,0.0
2026-04-30,FBTC,26600000.0
2026-04-30,IBIT,19100000.0
2026-04-30,ARKB,-6300000.0
2026-04-30,GBTC,-5900000.0
2026-04-30,BTCO,-4900000.0
2026-04-30,BITB,-2900000.0
2026-04-30,HODL,-2200000.0
2026-04-30,EZBC,0.0
2026-04-30,BRRR,0.0
2026-04-30,BTCW,0.0
2026-04-30,MSBT,0.0
2026-05-01,IBIT,284400000.0
2026-05-01,FBTC,213400000.0
2026-05-01,ARKB,88500000.0
2026-05-01,BITB,27300000.0
2026-05-01,HODL,5500000.0
2026-05-01,MSBT,4500000.0
2026-05-01,BTCO,0.0
2026-05-01,EZBC,0.0
2026-05-01,BRRR,0.0
2026-05-01,BTCW,0.0
2026-05-01,GBTC,0.0
2026-05-04,IBIT,335500000.0
2026-05-04,FBTC,184600000.0
2026-05-04,MSBT,12200000.0
2026-05-04,BITB,0.0
2026-05-04,ARKB,0.0
2026-05-04,BTCO,0.0
2026-05-04,EZBC,0.0
2026-05-04,BRRR,0.0
2026-05-04,HODL,0.0
2026-05-04,BTCW,0.0
2026-05-04,GBTC,0.0
2026-05-05,IBIT,251400000.0
2026-05-05,FBTC,133199999.99999999
2026-05-05,ARKB,92300000.0
2026-05-05,GBTC,-18400000.0
2026-05-05,BITB,14600000.0
2026-05-05,HODL,-5800000.0
2026-05-05,BTCO,0.0
2026-05-05,EZBC,0.0
2026-05-05,BRRR,0.0
2026-05-05,BTCW,0.0
2026-05-05,MSBT,0.0
2026-05-06,IBIT,134600000.0
2026-05-06,FBTC,-39000000.0
2026-05-06,BITB,-25200000.0
2026-05-06,GBTC,-17100000.0
2026-05-06,EZBC,-7100000.0
2026-05-06,ARKB,0.0
2026-05-06,BTCO,0.0
2026-05-06,BRRR,0.0
2026-05-06,HODL,0.0
2026-05-06,BTCW,0.0
2026-05-06,MSBT,0.0
2026-05-07,FBTC,-129000000.0
2026-05-07,IBIT,-98000000.0
2026-05-07,GBTC,-26800000.0
2026-05-07,ARKB,-12600000.0
2026-05-07,BTCO,-10000000.0
2026-05-07,MSBT,7300000.0
2026-05-07,HODL,-5100000.0
2026-05-07,BITB,0.0
2026-05-07,EZBC,0.0
2026-05-07,BRRR,0.0
2026-05-07,BTCW,0.0
2026-05-08,FBTC,-97600000.0
2026-05-08,IBIT,-27200000.0
2026-05-08,ARKB,-26600000.0
2026-05-08,MSBT,5700000.0
2026-05-08,BITB,0.0
2026-05-08,BTCO,0.0
2026-05-08,EZBC,0.0
2026-05-08,BRRR,0.0
2026-05-08,HODL,0.0
2026-05-08,BTCW,0.0
2026-05-08,GBTC,0.0
2026-05-11,MSBT,26300000.0
2026-05-11,IBIT,-7400000.0
2026-05-11,BTCO,7300000.0
2026-05-11,HODL,4600000.0
2026-05-11,FBTC,-3600000.0
2026-05-11,BITB,0.0
2026-05-11,ARKB,0.0
2026-05-11,EZBC,0.0
2026-05-11,BRRR,0.0
2026-05-11,BTCW,0.0
2026-05-11,GBTC,0.0
2026-05-12,FBTC,-86100000.0
2026-05-12,ARKB,-85100000.0
2026-05-12,IBIT,-32900000.0
2026-05-12,GBTC,-17600000.0
2026-05-12,BITB,-17500000.0
2026-05-12,MSBT,6000000.0
2026-05-12,BTCO,0.0
2026-05-12,EZBC,0.0
2026-05-12,BRRR,0.0
2026-05-12,HODL,0.0
2026-05-12,BTCW,0.0
2026-05-13,IBIT,-284700000.0
2026-05-13,ARKB,-177100000.0
2026-05-13,FBTC,-133199999.99999999
2026-05-13,BITB,-35400000.0
2026-05-13,BTCO,0.0
2026-05-13,EZBC,0.0
2026-05-13,BRRR,0.0
2026-05-13,HODL,0.0
2026-05-13,BTCW,0.0
2026-05-13,MSBT,0.0
2026-05-13,GBTC,0.0
2026-05-14,IBIT,144100000.0
2026-05-14,GBTC,-31600000.0
2026-05-14,BITB,17700000.0
2026-05-14,EZBC,-14100000.0
2026-05-14,ARKB,-9500000.0
2026-05-14,HODL,7500000.0
2026-05-14,MSBT,6800000.0
2026-05-14,BTCO,-5700000.0
2026-05-14,FBTC,3500000.0
2026-05-14,BRRR,0.0
2026-05-14,BTCW,0.0
2026-05-15,IBIT,-136200000.0
2026-05-15,ARKB,-52500000.0
2026-05-15,GBTC,-43600000.0
2026-05-15,FBTC,-39600000.0
2026-05-15,BITB,-11600000.0
2026-05-15,EZBC,-6900000.0
2026-05-15,BTCO,0.0
2026-05-15,BRRR,0.0
2026-05-15,HODL,0.0
2026-05-15,BTCW,0.0
2026-05-15,MSBT,0.0
2026-05-18,IBIT,-448400000.0
2026-05-18,ARKB,-109600000.0
2026-05-18,FBTC,-63400000.0
2026-05-18,BITB,-9200000.0
2026-05-18,HODL,-7600000.0
2026-05-18,EZBC,-6600000.0
2026-05-18,BTCO,-3800000.0
2026-05-18,BRRR,0.0
2026-05-18,BTCW,0.0
2026-05-18,MSBT,0.0
2026-05-18,GBTC,0.0
2026-05-19,IBIT,-325600000.0
2026-05-19,BRRR,-3800000.0
2026-05-19,FBTC,-1700000.0
2026-05-19,BITB,0.0
2026-05-19,ARKB,0.0
2026-05-19,BTCO,0.0
2026-05-19,EZBC,0.0
2026-05-19,HODL,0.0
2026-05-19,BTCW,0.0
2026-05-19,MSBT,0.0
2026-05-19,GBTC,0.0
2026-05-20,IBIT,-61500000.0
2026-05-20,FBTC,-10100000.0
2026-05-20,MSBT,1100000.0
2026-05-20,BITB,0.0
2026-05-20,ARKB,0.0
2026-05-20,BTCO,0.0
2026-05-20,EZBC,0.0
2026-05-20,BRRR,0.0
2026-05-20,HODL,0.0
2026-05-20,BTCW,0.0
2026-05-20,GBTC,0.0
2026-05-21,IBIT,-103700000.0
2026-05-21,ARKB,2800000.0
2026-05-21,FBTC,0.0
2026-05-21,BITB,0.0
2026-05-21,BTCO,0.0
2026-05-21,EZBC,0.0
2026-05-21,BRRR,0.0
2026-05-21,HODL,0.0
2026-05-21,BTCW,0.0
2026-05-21,MSBT,0.0
2026-05-21,GBTC,0.0
2026-05-22,IBIT,-68900000.0
2026-05-22,FBTC,-36300000.0
2026-05-22,BITB,0.0
2026-05-22,ARKB,0.0
2026-05-22,BTCO,0.0
2026-05-22,EZBC,0.0
2026-05-22,BRRR,0.0
2026-05-22,HODL,0.0
2026-05-22,BTCW,0.0
2026-05-22,MSBT,0.0
2026-05-22,GBTC,0.0
2026-05-26,IBIT,-192400000.0
2026-05-26,FBTC,-57700000.0
2026-05-26,GBTC,-41300000.0
2026-05-26,BITB,-28800000.0
2026-05-26,ARKB,0.0
2026-05-26,BTCO,0.0
2026-05-26,EZBC,0.0
2026-05-26,BRRR,0.0
2026-05-26,HODL,0.0
2026-05-26,BTCW,0.0
2026-05-26,MSBT,0.0
2026-05-27,IBIT,-527799999.99999994
2026-05-27,GBTC,-104800000.0
2026-05-27,FBTC,-60300000.0
2026-05-27,BITB,-17500000.0
2026-05-27,ARKB,-17400000.0
2026-05-27,MSBT,4300000.0
2026-05-27,BTCO,0.0
2026-05-27,EZBC,0.0
2026-05-27,BRRR,0.0
2026-05-27,HODL,0.0
2026-05-27,BTCW,0.0
2026-05-28,IBIT,-177900000.0
2026-05-28,GBTC,-26200000.0
2026-05-28,FBTC,-19200000.0
2026-05-28,BITB,0.0
2026-05-28,ARKB,0.0
2026-05-28,BTCO,0.0
2026-05-28,EZBC,0.0
2026-05-28,BRRR,0.0
2026-05-28,HODL,0.0
2026-05-28,BTCW,0.0
2026-05-28,MSBT,0.0
2026-05-29,IBIT,-68200000.0
2026-05-29,FBTC,-31900000.0
2026-05-29,ARKB,-7300000.0
2026-05-29,MSBT,-5300000.0
2026-05-29,GBTC,-2900000.0
2026-05-29,BITB,0.0
2026-05-29,BTCO,0.0
2026-05-29,EZBC,0.0
2026-05-29,BRRR,0.0
2026-05-29,HODL,0.0
2026-05-29,BTCW,0.0
2026-06-01,IBIT,-440300000.0
2026-06-01,FBTC,-37300000.0
2026-06-01,ARKB,-12300000.0
2026-06-01,MSBT,6100000.0
2026-06-01,BITB,0.0
2026-06-01,BTCO,0.0
2026-06-01,EZBC,0.0
2026-06-01,BRRR,0.0
2026-06-01,HODL,0.0
2026-06-01,BTCW,0.0
2026-06-01,GBTC,0.0
2026-06-02,IBIT,-388600000.0
2026-06-02,GBTC,-83500000.0
2026-06-02,FBTC,-45100000.0
2026-06-02,ARKB,-16700000.0
2026-06-02,MSBT,14800000.0
2026-06-02,BITB,0.0
2026-06-02,BTCO,0.0
2026-06-02,EZBC,0.0
2026-06-02,BRRR,0.0
2026-06-02,HODL,0.0
2026-06-02,BTCW,0.0
2026-06-03,IBIT,-342300000.0
2026-06-03,FBTC,-54300000.0
2026-06-03,BITB,0.0
2026-06-03,ARKB,0.0
2026-06-03,BTCO,0.0
2026-06-03,EZBC,0.0
2026-06-03,BRRR,0.0
2026-06-03,HODL,0.0
2026-06-03,BTCW,0.0
2026-06-03,MSBT,0.0
2026-06-03,GBTC,0.0
2026-06-04,IBIT,47700000.0
2026-06-04,ARKB,-20700000.0
2026-06-04,BITB,-15600000.0
2026-06-04,BTCO,-12600000.0
2026-06-04,MSBT,9900000.0
2026-06-04,FBTC,-5500000.0
2026-06-04,EZBC,0.0
2026-06-04,BRRR,0.0
2026-06-04,HODL,0.0
2026-06-04,BTCW,0.0
2026-06-04,GBTC,0.0
2026-06-05,IBIT,-213700000.0
2026-06-05,GBTC,-60800000.0
2026-06-05,FBTC,-59700000.0
2026-06-05,MSBT,4300000.0
2026-06-05,HODL,4200000.0
2026-06-05,BITB,0.0
2026-06-05,ARKB,0.0
2026-06-05,BTCO,0.0
2026-06-05,EZBC,0.0
2026-06-05,BRRR,0.0
2026-06-05,BTCW,0.0
2026-06-08,IBIT,-232900000.0
2026-06-08,ARKB,63100000.0
2026-06-08,FBTC,59400000.0
2026-06-08,BITB,14100000.0
2026-06-08,MSBT,4900000.0
2026-06-08,BTCO,0.0
2026-06-08,EZBC,0.0
2026-06-08,BRRR,0.0
2026-06-08,HODL,0.0
2026-06-08,BTCW,0.0
2026-06-08,GBTC,0.0
2026-06-09,IBIT,-61600000.0
2026-06-09,FBTC,-20200000.0
2026-06-09,BITB,0.0
2026-06-09,ARKB,0.0
2026-06-09,BTCO,0.0
2026-06-09,EZBC,0.0
2026-06-09,BRRR,0.0
2026-06-09,HODL,0.0
2026-06-09,BTCW,0.0
2026-06-09,MSBT,0.0
2026-06-09,GBTC,0.0
2026-06-10,IBIT,-148500000.0
2026-06-10,GBTC,-87900000.0
2026-06-10,FBTC,4000000.0
2026-06-10,BTCW,1000000.0
2026-06-10,BITB,0.0
2026-06-10,ARKB,0.0
2026-06-10,BTCO,0.0
2026-06-10,EZBC,0.0
2026-06-10,BRRR,0.0
2026-06-10,HODL,0.0
2026-06-10,MSBT,0.0
2026-06-11,IBIT,30300000.0
2026-06-11,ARKB,-27200000.0
2026-06-11,HODL,-14800000.0
2026-06-11,BITB,-13100000.0
2026-06-11,FBTC,-5500000.0
2026-06-11,MSBT,2200000.0
2026-06-11,BTCO,0.0
2026-06-11,EZBC,0.0
2026-06-11,BRRR,0.0
2026-06-11,BTCW,0.0
2026-06-11,GBTC,0.0
2026-06-12,IBIT,57700000.0
2026-06-12,FBTC,18000000.0
2026-06-12,BITB,5200000.0
2026-06-12,ARKB,3200000.0
2026-06-12,HODL,1800000.0
2026-06-12,BTCO,0.0
2026-06-12,EZBC,0.0
2026-06-12,BRRR,0.0
2026-06-12,BTCW,0.0
2026-06-12,MSBT,0.0
2026-06-12,GBTC,0.0
2026-06-15,GBTC,-124000000.0
2026-06-15,IBIT,66400000.00000001
2026-06-15,MSBT,9400000.0
2026-06-15,FBTC,-8700000.0
2026-06-15,ARKB,-6600000.0
2026-06-15,HODL,-6100000.0
2026-06-15,EZBC,-5800000.0
2026-06-15,BITB,0.0
2026-06-15,BTCO,0.0
2026-06-15,BRRR,0.0
2026-06-15,BTCW,0.0
2026-06-16,GBTC,-16800000.0
2026-06-16,IBIT,16399999.999999998
2026-06-16,FBTC,4300000.0
2026-06-16,MSBT,1900000.0
2026-06-16,BITB,0.0
2026-06-16,ARKB,0.0
2026-06-16,BTCO,0.0
2026-06-16,EZBC,0.0
2026-06-16,BRRR,0.0
2026-06-16,HODL,0.0
2026-06-16,BTCW,0.0
2026-06-17,ARKB,-43500000.0
2026-06-17,IBIT,-30800000.0
2026-06-17,GBTC,-15500000.0
2026-06-17,FBTC,14000000.0
2026-06-17,BTCO,-6400000.0
2026-06-17,HODL,-4099999.9999999995
2026-06-17,MSBT,4099999.9999999995
2026-06-17,BITB,0.0
2026-06-17,EZBC,0.0
2026-06-17,BRRR,0.0
2026-06-17,BTCW,0.0
2026-06-18,IBIT,-96700000.0
2026-06-18,MSBT,10400000.0
2026-06-18,HODL,-4400000.0
2026-06-18,FBTC,0.0
2026-06-18,BITB,0.0
2026-06-18,ARKB,0.0
2026-06-18,BTCO,0.0
2026-06-18,EZBC,0.0
2026-06-18,BRRR,0.0
2026-06-18,BTCW,0.0
2026-06-18,GBTC,0.0
