date,value,mom_pct,yoy_pct
1959-01-01,286.6,,
1959-02-01,287.7,0.38381018841588954,
1959-03-01,289.2,0.5213764337852034,
1959-04-01,290.1,0.3112033195020958,
1959-05-01,292.2,0.7238883143743324,
1959-06-01,294.1,0.6502395619438772,
1959-07-01,295.2,0.37402244134647766,
1959-08-01,296.4,0.40650406504063596,
1959-09-01,296.7,0.10121457489880026,
1959-10-01,296.5,-0.06740815638691666,
1959-11-01,297.1,0.2023608768971341,
1959-12-01,297.8,0.23561090541903695,
1960-01-01,298.2,0.1343183344526544,4.047452896022308
1960-02-01,298.4,0.06706908115359234,3.7191518943343826
1960-03-01,299.3,0.3016085790884748,3.4923928077455146
1960-04-01,300.1,0.26729034413632835,3.4470872113064432
1960-05-01,300.9,0.2665778073975167,2.977412731006157
1960-06-01,302.3,0.4652708541043715,2.788167290037391
1960-07-01,304.1,0.5954349983460228,3.0149051490514944
1960-08-01,306.9,0.9207497533705977,3.5425101214574983
1960-09-01,308.4,0.4887585532746819,3.9433771486349745
1960-10-01,309.5,0.3566796368352776,4.384485666104543
1960-11-01,310.9,0.4523424878836835,4.6449007068327
1960-12-01,312.4,0.48247024766805424,4.902619207521819
1961-01-01,314.1,0.544174135723452,5.33199195171028
1961-02-01,316.5,0.7640878701050458,6.0656836461126185
1961-03-01,318.3,0.5687203791469253,6.34814567323756
1961-04-01,319.9,0.5026704366949408,6.597800733088954
1961-05-01,322.2,0.7189746795873697,7.078763708873392
1961-06-01,324.3,0.6517690875232907,7.277538868673505
1961-07-01,325.6,0.4008633980882026,7.070042749095684
1961-08-01,327.6,0.6142506142506221,6.744868035190632
1961-09-01,329.5,0.5799755799755779,6.841763942931256
1961-10-01,331.1,0.48558421851290223,6.97899838449112
1961-11-01,333.4,0.6946541830262554,7.2370537150209024
1961-12-01,335.5,0.6298740251949653,7.3943661971831
1962-01-01,337.5,0.5961251862891315,7.44985673352434
1962-02-01,340.1,0.7703703703703768,7.456556082148502
1962-03-01,343.1,0.8820935019111964,7.791391768771594
1962-04-01,345.5,0.6995045176333425,8.002500781494227
1962-05-01,347.5,0.5788712011577379,7.852265673494729
1962-06-01,349.3,0.5179856115107961,7.70891150169597
1962-07-01,350.8,0.4294302891497237,7.739557739557745
1962-08-01,352.8,0.5701254275940704,7.692307692307687
1962-09-01,354.9,0.5952380952380931,7.708649468892248
1962-10-01,357.2,0.6480698788391193,7.88281485955904
1962-11-01,359.8,0.7278835386338223,7.918416316736665
1962-12-01,362.7,0.8060033351862117,8.107302533532046
1963-01-01,365.2,0.6892748828232653,8.207407407407397
1963-02-01,367.9,0.7393209200438067,8.174066451043792
1963-03-01,370.7,0.7610763794509312,8.044301952783428
1963-04-01,373.3,0.7013757755597538,8.046309696092614
1963-05-01,376.1,0.7500669702652063,8.230215827338139
1963-06-01,378.4,0.611539484179735,8.330947609504724
1963-07-01,381.1,0.7135306553911258,8.637400228050174
1963-08-01,383.6,0.6559958016268741,8.730158730158744
1963-09-01,386.0,0.6256517205422307,8.763031839954927
1963-10-01,388.3,0.5958549222798037,8.706606942889138
1963-11-01,391.5,0.8241050733968525,8.810450250138956
1963-12-01,393.2,0.43422733077904674,8.409153570443895
1964-01-01,395.2,0.508646998982698,8.214676889375694
1964-02-01,397.6,0.6072874493927127,8.072845882033164
1964-03-01,399.8,0.5533199195171035,7.8500134879956995
1964-04-01,401.7,0.47523761880940985,7.607822126975616
1964-05-01,404.2,0.6223549912870219,7.471417176282902
1964-06-01,407.1,0.7174666006927399,7.584566596194509
1964-07-01,410.1,0.736919675755332,7.609551298871686
1964-08-01,413.4,0.8046817849304944,7.76850886339937
1964-09-01,416.9,0.8466376390904751,8.005181347150248
1964-10-01,419.1,0.5277044854881341,7.932011331444766
1964-11-01,422.0,0.6919589596754872,7.790549169859506
1964-12-01,424.7,0.6398104265402882,8.011190233977628
1965-01-01,427.5,0.6592889098187005,8.173076923076916
1965-02-01,430.4,0.6783625730994114,8.249496981891348
1965-03-01,433.2,0.6505576208178487,8.354177088544269
1965-04-01,435.4,0.5078485687904033,8.389345282549154
1965-05-01,437.1,0.3904455672944618,8.139534883720945
1965-06-01,440.1,0.6863417982155173,8.106116433308763
1965-07-01,442.9,0.6362190411270063,7.9980492562789385
1965-08-01,445.8,0.6547753443215232,7.8374455732946435
1965-09-01,449.5,0.8299685957828595,7.819621012233147
1965-10-01,452.6,0.6896551724137945,7.9933190169410695
1965-11-01,455.7,0.6849315068493178,7.9857819905213345
1965-12-01,459.2,0.7680491551459223,8.123381210266079
1966-01-01,462.0,0.6097560975609762,8.070175438596493
1966-02-01,464.6,0.5627705627705648,7.946096654275103
1966-03-01,467.2,0.5596211795092509,7.848568790397037
1966-04-01,469.3,0.44948630136987244,7.785943959577413
1966-05-01,470.1,0.17046665246112092,7.549759780370624
1966-06-01,471.2,0.23399276749627163,7.06657577823222
1966-07-01,470.9,-0.06366723259763063,6.321968841725001
1966-08-01,472.6,0.3610108303249149,6.011664423508312
1966-09-01,475.4,0.5924672027084021,5.761957730812006
1966-10-01,475.7,0.06310475389146308,5.103844454264239
1966-11-01,477.3,0.33634643682993737,4.739960500329166
1966-12-01,480.2,0.6075843285145544,4.57317073170731
1967-01-01,481.6,0.291545189504383,4.2424242424242475
1967-02-01,485.1,0.7267441860465018,4.412397761515274
1967-03-01,489.7,0.9482580911152283,4.815924657534243
1967-04-01,492.1,0.4900959771288571,4.858299595141702
1967-05-01,497.2,1.0363747205852425,5.764730908317373
1967-06-01,502.0,0.9654062751407899,6.536502546689316
1967-07-01,506.3,0.8565737051792865,7.51751964323637
1967-08-01,510.8,0.888801106063597,8.082945408379171
1967-09-01,514.7,0.7635082223962586,8.266722759781242
1967-10-01,518.2,0.6800077715173991,8.934202228295153
1967-11-01,521.2,0.5789270551910475,9.197569662685945
1967-12-01,524.8,0.6907137375287586,9.287796751353605
1968-01-01,527.4,0.4954268292682862,9.509966777408629
1968-02-01,530.4,0.5688282138794021,9.338280766852192
1968-03-01,533.2,0.52790346907996,8.8829895854605
1968-04-01,535.7,0.46886721680419186,8.85998780735624
1968-05-01,538.9,0.5973492626469845,8.386967015285606
1968-06-01,542.6,0.6865837817777054,8.08764940239044
1968-07-01,545.6,0.5528934758569859,7.762196326288762
1968-08-01,549.4,0.6964809384164106,7.55677368833203
1968-09-01,553.6,0.7644703312704948,7.557800660578984
1968-10-01,557.6,0.7225433526011571,7.603241991509058
1968-11-01,562.4,0.8608321377331363,7.90483499616268
1968-12-01,566.8,0.7823613086771042,8.00304878048781
1969-01-01,569.3,0.44107268877910943,7.9446340538490645
1969-02-01,571.9,0.456701212014754,7.824283559577672
1969-03-01,574.4,0.4371393600279827,7.726931732933218
1969-04-01,575.7,0.226323119777172,7.466865783087551
1969-05-01,576.5,0.13896126454751023,6.977175728335494
1969-06-01,578.5,0.3469210754553309,6.616291927755258
1969-07-01,579.5,0.17286084701815252,6.213343108504388
1969-08-01,580.1,0.10353753235547991,5.587914088096113
1969-09-01,582.1,0.3447681434235461,5.148121387283244
1969-10-01,583.4,0.22332932485826795,4.626972740315627
1969-11-01,585.4,0.34281796366129047,4.089615931721191
1969-12-01,587.9,0.42705842159207474,3.7226534932957023
1970-01-01,589.6,0.28916482394965026,3.5657825399613596
1970-02-01,586.3,-0.5597014925373234,2.517922713761145
1970-03-01,587.3,0.17056114617091112,2.2458217270195036
1970-04-01,588.4,0.18729780350759118,2.2060100746916778
1970-05-01,591.5,0.52685248130524,2.601908065915004
1970-06-01,595.2,0.6255283178360216,2.886776145203118
1970-07-01,599.1,0.6552419354838745,3.3822260569456475
1970-08-01,604.9,0.9681188449340627,4.275124978451994
1970-09-01,611.2,1.0414944618945432,4.99914104105823
1970-10-01,616.4,0.8507853403141308,5.656496400411393
1970-11-01,621.1,0.7624918883841758,6.098394260334827
1970-12-01,626.5,0.8694252133311764,6.565742473209735
1971-01-01,632.9,1.0215482841181123,7.343962008141114
1971-02-01,641.0,1.2798230368146646,9.329694695548362
1971-03-01,649.9,1.3884555382215336,10.65894772688576
1971-04-01,658.4,1.3078935220803167,11.896668932698852
1971-05-01,666.7,1.2606318347509138,12.713440405748111
1971-06-01,673.0,0.9449527523623713,13.071236559139777
1971-07-01,679.6,0.980683506686475,13.436821899515937
1971-08-01,685.5,0.8681577398469642,13.324516448999834
1971-09-01,692.5,1.0211524434719177,13.301701570680624
1971-10-01,698.4,0.8519855595667813,13.303049967553537
1971-11-01,704.6,0.8877434135166062,13.443889872806313
1971-12-01,710.3,0.8089696281578185,13.375897845171592
1972-01-01,717.7,1.0418133183162093,13.39864117554117
1972-02-01,725.7,1.1146718684687196,13.21372854914198
1972-03-01,733.5,1.0748243075651143,12.863517464225271
1972-04-01,738.4,0.6680299931833611,12.150668286755772
1972-05-01,743.3,0.6635969664138708,11.48942552872354
1972-06-01,749.7,0.8610251580788431,11.396731054977716
1972-07-01,759.5,1.3071895424836555,11.75691583284284
1972-08-01,768.7,1.2113232389730166,12.137126185266233
1972-09-01,778.3,1.2488617145830494,12.389891696750887
1972-10-01,786.9,1.104972375690605,12.671821305841924
1972-11-01,793.9,0.8895666539585623,12.673857507805831
1972-12-01,802.3,1.058067766721238,12.952273687174443
1973-01-01,810.3,0.9971332419294487,12.902326877525416
1973-02-01,814.1,0.4689621127977439,12.18134215240456
1973-03-01,815.3,0.14740203906153937,11.15201090661213
1973-04-01,819.7,0.5396786458972347,11.010292524377041
1973-05-01,826.8,0.866170550201284,11.233687609309829
1973-06-01,833.3,0.7861635220125729,11.15112711751365
1973-07-01,836.5,0.3840153606144314,10.138248847926267
1973-08-01,838.8,0.27495517035265316,9.119292311695059
1973-09-01,839.3,0.05960896518837355,7.837594757805477
1973-10-01,842.6,0.3931847968545288,7.078408946498915
1973-11-01,848.9,0.7476857346309096,6.927824663055793
1973-12-01,855.5,0.7774767345977152,6.630936058830872
1974-01-01,859.7,0.49094097019286576,6.096507466370493
1974-02-01,864.2,0.5234384087472455,6.154035130819313
1974-03-01,870.1,0.6827123351076159,6.721452226174418
1974-04-01,872.9,0.32180209171359664,6.490179333902635
1974-05-01,874.6,0.19475312177799076,5.781325592646347
1974-06-01,877.8,0.3658815458495335,5.340213608544353
1974-07-01,881.4,0.41011619958988277,5.36760310818889
1974-08-01,884.1,0.30633083730429167,5.400572246065827
1974-09-01,887.9,0.42981563171586856,5.79053973549386
1974-10-01,893.3,0.6081765964635721,6.0170899596486915
1974-11-01,898.6,0.5933057203627135,5.854635410531284
1974-12-01,902.1,0.38949476964167395,5.447106954997083
1975-01-01,906.3,0.4655803126039082,5.4204955216936135
1975-02-01,914.1,0.8606421714664192,5.774126359638965
1975-03-01,925.0,1.1924297122853034,6.309619583955861
1975-04-01,935.1,1.091891891891894,7.125673043876746
1975-05-01,947.9,1.3688375574804734,8.380974159615828
1975-06-01,963.0,1.5929950416710748,9.70608339029393
1975-07-01,975.1,1.2564901349948032,10.630814613115502
1975-08-01,983.1,0.8204286739821542,11.197828299966073
1975-09-01,991.5,0.8544400366188531,11.66798062844916
1975-10-01,997.8,0.6354009077155887,11.6981976939438
1975-11-01,1006.9,0.912006414111044,12.052081014912087
1975-12-01,1016.2,0.9236269738802427,12.648265159073269
1976-01-01,1026.6,1.0234205864987134,13.27375041377028
1976-02-01,1040.3,1.3345022404052331,13.805929329395017
1976-03-01,1050.0,0.9324233394213177,13.513513513513509
1976-04-01,1060.8,1.0285714285714231,13.44241257619505
1976-05-01,1072.1,1.0652337858220173,13.10264795864542
1976-06-01,1077.6,0.5130118459099053,11.900311526479745
1976-07-01,1086.3,0.807349665924284,11.403958568351946
1976-08-01,1098.7,1.1414894596336378,11.758722408707145
1976-09-01,1110.8,1.1013015381814872,12.032274331820458
1976-10-01,1125.0,1.2783579402232625,12.7480457005412
1976-11-01,1138.2,1.1733333333333373,13.04002383553482
1976-12-01,1152.0,1.212440695835526,13.363511119858295
1977-01-01,1165.2,1.1458333333333348,13.50087668030393
1977-02-01,1177.6,1.06419498798489,13.198115928097653
1977-03-01,1188.5,0.9256114130434812,13.190476190476197
1977-04-01,1199.6,0.9339503575936048,13.084464555052788
1977-05-01,1209.0,0.783594531510512,12.769331219102709
1977-06-01,1217.8,0.7278742762613755,13.01039346696362
1977-07-01,1226.7,0.7308260798160715,12.924606462303245
1977-08-01,1237.0,0.8396510964375992,12.587603531446256
1977-09-01,1246.2,0.7437348423605439,12.189413035649999
1977-10-01,1254.0,0.6259027443427989,11.466666666666669
1977-11-01,1262.4,0.6698564593301537,10.91196626251978
1977-12-01,1270.3,0.6257921419518198,10.269097222222223
1978-01-01,1279.7,0.7399826812564125,9.82663920357021
1978-02-01,1285.5,0.45323122606859556,9.162703804347828
1978-03-01,1292.2,0.5211979774406794,8.725283971392518
1978-04-01,1300.4,0.6345766909147121,8.40280093364456
1978-05-01,1310.5,0.7766840972008637,8.395368072787424
1978-06-01,1318.5,0.6104540251812285,8.2690096896042
1978-07-01,1324.1,0.4247250663632851,7.940001630390459
1978-08-01,1333.5,0.7099161694736011,7.801131770412284
1978-09-01,1345.0,0.8623922009748819,7.928101428342149
1978-10-01,1352.3,0.5427509293680188,7.838915470494423
1978-11-01,1359.1,0.5028470014050157,7.6600126742712105
1978-12-01,1366.0,0.5076889117798578,7.533653467684798
1979-01-01,1371.6,0.40995607613469875,7.181370633742268
1979-02-01,1377.8,0.4520268299795793,7.180085569817196
1979-03-01,1387.8,0.7257947452460334,7.398235567249634
1979-04-01,1402.1,1.03040783974635,7.820670562903698
1979-05-01,1410.2,0.5777048712645394,7.607783288821057
1979-06-01,1423.0,0.9076726705431915,7.925673113386433
1979-07-01,1434.8,0.829234012649338,8.36039574050298
1979-08-01,1446.6,0.8224142737663698,8.481439820022496
1979-09-01,1454.1,0.5184570717544634,8.111524163568774
1979-10-01,1460.4,0.43325768516608854,7.993788360570897
1979-11-01,1465.9,0.37660914817858604,7.858141417114273
1979-12-01,1473.7,0.5320963230779796,7.884333821376277
1980-01-01,1482.7,0.6107077424170493,8.100029163021304
1980-02-01,1494.6,0.8025898698320599,8.477282624473803
1980-03-01,1499.8,0.34791917569918507,8.070327136474997
1980-04-01,1502.2,0.16002133617816217,7.139291063404896
1980-05-01,1512.3,0.6723472240713457,7.240107786129624
1980-06-01,1529.2,1.1175031409111913,7.463106113843998
1980-07-01,1545.5,1.0659168192518997,7.715361025926959
1980-08-01,1561.5,1.0352636687156247,7.942762339278309
1980-09-01,1574.0,0.8005123278898463,8.245650230383061
1980-10-01,1584.8,0.686149936467606,8.518214187893713
1980-11-01,1595.8,0.694093891973746,8.861450303567775
1980-12-01,1599.8,0.2506579771901274,8.556694035421053
1981-01-01,1606.9,0.4438054756844778,8.376610238079184
1981-02-01,1618.7,0.7343331881262127,8.303224943128606
1981-03-01,1636.6,1.1058256625687157,9.121216162154955
1981-04-01,1659.2,1.3809116460955728,10.451338037544943
1981-05-01,1664.2,0.3013500482160092,10.044303378959206
1981-06-01,1670.3,0.3665424828746433,9.227046821867635
1981-07-01,1681.9,0.6944860204753711,8.825622775800724
1981-08-01,1694.3,0.7372614305249936,8.504642971501752
1981-09-01,1706.0,0.690550669893164,8.38627700127066
1981-10-01,1721.8,0.9261430246189972,8.644623927309446
1981-11-01,1736.1,0.8305261935183994,8.791828549943602
1981-12-01,1755.5,1.1174471516617768,9.732466558319786
1982-01-01,1770.4,0.8487610367416742,10.174870869375807
1982-02-01,1774.5,0.2315860822412974,9.625007722246238
1982-03-01,1786.5,0.6762468300929747,9.159232555297582
1982-04-01,1803.9,0.9739714525608845,8.721070395371267
1982-05-01,1815.4,0.6375076223737564,9.085446460761926
1982-06-01,1826.0,0.5838933568359517,9.32167874034604
1982-07-01,1831.5,0.3012048192771122,8.894702419882261
1982-08-01,1845.2,0.7480207480207612,8.906332998878597
1982-09-01,1858.4,0.7153696076306115,8.933177022274341
1982-10-01,1869.7,0.608049935428312,8.589847833662457
1982-11-01,1883.7,0.7487832272557116,8.50181441161224
1982-12-01,1905.9,1.1785316133142265,8.567359726573631
1983-01-01,1959.4,2.807072774017527,10.67555354722096
1983-02-01,1996.8,1.9087475757884942,12.527472527472527
1983-03-01,2015.2,0.9214743589743613,12.801567310383444
1983-04-01,2028.6,0.6649464073044786,12.45634458672875
1983-05-01,2043.1,0.7147786650892218,12.542690316183759
1983-06-01,2053.5,0.5090303949880193,12.458926615553123
1983-07-01,2064.8,0.5502800097394678,12.738192738192744
1983-08-01,2074.0,0.44556373498643165,12.399739865597216
1983-09-01,2083.2,0.44358727097395523,12.096427034007728
1983-10-01,2099.2,0.7680491551459223,12.274696475370362
1983-11-01,2112.3,0.6240472560975707,12.135690396559973
1983-12-01,2123.5,0.5302277138663936,11.417178236003988
1984-01-01,2138.2,0.6922533553096244,9.125242421149316
1984-02-01,2158.2,0.9353661958656723,8.082932692307686
1984-03-01,2175.2,0.787693448243898,7.939658594680421
1984-04-01,2191.7,0.7585509378448041,8.040027605244982
1984-05-01,2204.1,0.5657708628005631,7.88018207625667
1984-06-01,2215.1,0.4990699151581124,7.869491112734361
1984-07-01,2223.5,0.3792153853099167,7.6859744285160625
1984-08-01,2230.4,0.31032156510006903,7.540983606557372
1984-09-01,2244.4,0.6276901004304225,7.738095238095255
1984-10-01,2258.9,0.6460523970771792,7.607660060975618
1984-11-01,2281.4,0.9960600292177713,8.005491644179319
1984-12-01,2306.4,1.0958183571491142,8.613138686131382
1985-01-01,2332.4,1.127297953520645,9.082405761855771
1985-02-01,2354.1,0.9303721488595373,9.077008618293036
1985-03-01,2366.2,0.5139968565481379,8.780801765354918
1985-04-01,2375.4,0.3888090609416084,8.381621572295494
1985-05-01,2389.5,0.5935842384440448,8.411596570028589
1985-06-01,2412.6,0.9667294413057137,8.916076023655828
1985-07-01,2429.5,0.700489098897461,9.264672813132456
1985-08-01,2444.0,0.5968306235851095,9.5767575322812
1985-09-01,2456.4,0.5073649754500753,9.445731598645523
1985-10-01,2468.0,0.4722357922162468,9.256717871530395
1985-11-01,2477.8,0.39708265802269604,8.608749013763472
1985-12-01,2492.1,0.5771248688352548,8.051508844953158
1986-01-01,2502.1,0.4012680069018115,7.275767449837067
1986-02-01,2512.9,0.4316374245633803,6.745677753706314
1986-03-01,2533.1,0.803852123045079,7.053503507733927
1986-04-01,2557.8,0.9750898109036399,7.678706744127317
1986-05-01,2584.8,1.0555946516537684,8.173258003766492
1986-06-01,2605.0,0.7814917982048808,7.974798972063346
1986-07-01,2626.6,0.8291746641074793,8.112780407491261
1986-08-01,2646.5,0.7576334424731712,8.285597381342068
1986-09-01,2667.8,0.8048365766106347,8.606090213320305
1986-10-01,2687.4,0.7346877577029787,8.889789303079422
1986-11-01,2701.3,0.5172285480389949,9.020098474453153
1986-12-01,2728.0,0.9884129863398927,9.465912282813704
1987-01-01,2743.9,0.5828445747800615,9.663882338835394
1987-02-01,2747.5,0.131200116622332,9.335827131998876
1987-03-01,2753.7,0.22565969062784408,8.70869685365756
1987-04-01,2767.7,0.5084068707557066,8.206271014152765
1987-05-01,2772.9,0.18788163457024165,7.277158774373249
1987-06-01,2774.6,0.06130765624436929,6.510556621881003
1987-07-01,2779.0,0.15858141714122365,5.802177720246715
1987-08-01,2788.2,0.331054336092107,5.354241450972985
1987-09-01,2799.5,0.40527939172225746,4.9366519229327555
1987-10-01,2814.8,0.5465261653866849,4.740641512242316
1987-11-01,2818.9,0.14565866136138084,4.353459445452179
1987-12-01,2826.4,0.2660612295576348,3.607038123167161
1988-01-01,2847.4,0.7429946221341632,3.772003352891873
1988-02-01,2870.4,0.8077544426494443,4.473157415832585
1988-03-01,2890.7,0.707218506131535,4.975124378109452
1988-04-01,2910.7,0.6918739405680219,5.166744950681079
1988-05-01,2926.0,0.5256467516405072,5.5212953947131105
1988-06-01,2938.4,0.42378673957621515,5.903553665393213
1988-07-01,2947.2,0.29948271167981044,6.052536883771142
1988-08-01,2952.0,0.16286644951140072,5.8747579083279655
1988-09-01,2956.9,0.16598915989161078,5.6224325772459505
1988-10-01,2965.3,0.2840813013629262,5.346738667045625
1988-11-01,2980.2,0.502478669949058,5.72209017701939
1988-12-01,2988.2,0.26843835984162734,5.724596660062264
1989-01-01,2991.7,0.1171273676460638,5.067781133665794
1989-02-01,2992.2,0.016712905705795755,4.243311036789299
1989-03-01,2999.7,0.2506516944054571,3.770712976095747
1989-04-01,3006.0,0.21002100210021357,3.274126498780361
1989-05-01,3011.6,0.1862940785096523,2.925495557074509
1989-06-01,3027.9,0.5412405365918582,3.0458753062891475
1989-07-01,3052.4,0.8091416493279269,3.5694896851248714
1989-08-01,3074.4,0.7207443323286489,4.146341463414638
1989-09-01,3092.5,0.5887327608639081,4.585883864858453
1989-10-01,3114.1,0.6984640258690389,5.018042019357227
1989-11-01,3133.3,0.616550528242521,5.1372391114690386
1989-12-01,3152.5,0.6127724763029363,5.4982932869285905
1990-01-01,3166.8,0.4536082474226877,5.852859578166281
1990-02-01,3179.2,0.39156246052796106,6.249582247176
1990-03-01,3190.1,0.3428535480624051,6.3473013968063485
1990-04-01,3201.6,0.36049026676279183,6.506986027944106
1990-05-01,3200.6,-0.031234382808598138,6.275733829193775
1990-06-01,3213.7,0.40929825657689545,6.136266058984763
1990-07-01,3224.5,0.33606123782556896,5.638186345171015
1990-08-01,3242.0,0.5427198015196089,5.451470205568554
1990-09-01,3254.6,0.38864898210979604,5.241713823767169
1990-10-01,3259.3,0.1444109875253563,4.662663369833986
1990-11-01,3262.6,0.10124873439081306,4.126639645102603
1990-12-01,3271.8,0.28198369398639844,3.784298176050749
1991-01-01,3287.7,0.485971025123777,3.817733990147776
1991-02-01,3304.5,0.5109955287891266,3.9412430800201292
1991-03-01,3321.9,0.5265546981389146,4.131531926898857
1991-04-01,3332.4,0.3160841686986382,4.0854572713643345
1991-05-01,3343.0,0.31808906493817624,4.449165781415987
1991-06-01,3351.9,0.2662279389769706,4.300339172915968
1991-07-01,3356.1,0.1253020674841121,4.081252907427513
1991-08-01,3355.0,-0.032776138970824764,3.4855027760641644
1991-09-01,3354.9,-0.002980625931447989,3.0817919252750015
1991-10-01,3360.1,0.15499716832094723,3.0926886141195986
1991-11-01,3365.5,0.16070950269337914,3.153926316434741
1991-12-01,3372.2,0.19907888872381374,3.0686472278256494
1992-01-01,3381.2,0.2668880849297173,2.8439334489156476
1992-02-01,3400.0,0.5560156157577323,2.8899984869117823
1992-03-01,3403.9,0.11470588235293899,2.4684668412655375
1992-04-01,3399.7,-0.12338787860983746,2.019565478333929
1992-05-01,3398.6,-0.03235579609964789,1.663176787316778
1992-06-01,3393.4,-0.15300417819101853,1.238103762045406
1992-07-01,3393.9,0.014734484587730634,1.1263073209975882
1992-08-01,3398.8,0.1443766758006948,1.3055141579731755
1992-09-01,3410.3,0.3383547134282683,1.651315985573354
1992-10-01,3423.8,0.39585960179455704,1.8957769114014589
1992-11-01,3426.5,0.07885974648051963,1.8125092853959357
1992-12-01,3424.7,-0.05253173792499899,1.556847162090036
1993-01-01,3419.1,-0.16351797237713628,1.1209038211285938
1993-02-01,3414.5,-0.1345383287999713,0.4264705882352837
1993-03-01,3411.7,-0.08200322155513806,0.22914891741825372
1993-04-01,3411.3,-0.011724360289577795,0.34120657705092317
1993-05-01,3436.9,0.7504470436490385,1.1269346201377095
1993-06-01,3442.4,0.16002793214815458,1.4439794895974467
1993-07-01,3442.0,-0.01161980013943964,1.4172485930640244
1993-08-01,3445.7,0.10749564206855577,1.3798987878074431
1993-09-01,3452.2,0.18864091476333833,1.2286309122364392
1993-10-01,3456.7,0.13035165981114538,0.9609206145218652
1993-11-01,3470.1,0.38765296380942615,1.2724354297388052
1993-12-01,3474.5,0.1267974986311593,1.4541419686395995
1994-01-01,3474.9,0.011512447834216566,1.6320084232692933
1994-02-01,3475.7,0.023022245244463946,1.7923561282764622
1994-03-01,3480.1,0.1265932042466389,2.004865609520179
1994-04-01,3481.3,0.034481767765304205,2.0520036349778614
1994-05-01,3490.8,0.272886565363506,1.5682737350519282
1994-06-01,3479.5,-0.3237080325426911,1.0777364629328323
1994-07-01,3488.2,0.2500359247018302,1.3422428820453192
1994-08-01,3485.7,-0.07167020239665645,1.1608671677743265
1994-09-01,3486.1,0.011475456866638645,0.9819825039105501
1994-10-01,3484.3,-0.051633630704794875,0.798449388144773
1994-11-01,3487.2,0.08323049105989355,0.49278118786202363
1994-12-01,3486.4,-0.022941041523272254,0.3424953230680705
1995-01-01,3492.4,0.17209729233593762,0.503611614722721
1995-02-01,3489.9,-0.07158401099530698,0.4085507955232215
1995-03-01,3491.1,0.03438493939653675,0.3160828711818553
1995-04-01,3499.2,0.23201856148491462,0.514175738948075
1995-05-01,3524.2,0.7144490169181505,0.9568007333562445
1995-06-01,3548.9,0.7008682821633361,1.9945394453225962
1995-07-01,3567.4,0.5212882865113233,2.2705120119259403
1995-08-01,3589.0,0.6054829848068488,2.9635367358062936
1995-09-01,3602.1,0.36500417943716723,3.327500645420378
1995-10-01,3613.4,0.31370589378418856,3.7051918606319845
1995-11-01,3619.9,0.17988597996347888,3.8053452626749307
1995-12-01,3629.5,0.26520069615183495,4.10452042221201
1996-01-01,3647.9,0.5069568811131075,4.45252548390791
1996-02-01,3661.8,0.38104114696126956,4.9256425685549665
1996-03-01,3686.9,0.6854552405920478,5.608547449228052
1996-04-01,3697.7,0.29292901895900947,5.6727251943301304
1996-05-01,3709.6,0.3218216729318213,5.260768401339311
1996-06-01,3722.5,0.34774638775070255,4.891656569641301
1996-07-01,3737.1,0.39220953660175084,4.756965857487239
1996-08-01,3744.0,0.18463514489845956,4.3187517414321475
1996-09-01,3753.4,0.2510683760683863,4.200327586685559
1996-10-01,3772.8,0.5168647093302114,4.411357724027232
1996-11-01,3795.1,0.5910729431721773,4.8399127047708435
1996-12-01,3818.6,0.6192195199072437,5.210084033613449
1997-01-01,3834.6,0.4190017283821401,5.118013103429364
1997-02-01,3846.3,0.30511657017682214,5.038505652957559
1997-03-01,3861.2,0.3873852793593757,4.727548889310795
1997-04-01,3877.0,0.40919921268001147,4.84896016442653
1997-05-01,3889.2,0.31467629610522074,4.8414923441880475
1997-06-01,3906.0,0.4319654427645814,4.92948287441235
1997-07-01,3923.9,0.458269329237071,4.998528270584157
1997-08-01,3957.4,0.8537424501134039,5.699786324786338
1997-09-01,3973.1,0.3967251225552193,5.853359620610643
1997-10-01,3992.3,0.48324985527674613,5.817960135708233
1997-11-01,4014.8,0.5635849009342886,5.789043766962676
1997-12-01,4032.9,0.45083192188901666,5.612004399518145
1998-01-01,4056.2,0.5777480225148013,5.778959995827471
1998-02-01,4088.9,0.8061732656180709,6.307360320307831
1998-03-01,4114.3,0.6211939641468378,6.554957008184004
1998-04-01,4140.2,0.6295117030843622,6.7887541913850935
1998-05-01,4164.4,0.5845128254673648,7.076005348143566
1998-06-01,4184.1,0.47305734319471604,7.119815668202767
1998-07-01,4203.8,0.4708300470829929,7.133209307066957
1998-08-01,4228.7,0.5923212331699901,6.855511194218411
1998-09-01,4267.7,0.922269255326702,7.414864966902424
1998-10-01,4307.9,0.9419593692152617,7.9052175437717365
1998-11-01,4346.6,0.8983495438612987,8.264421639932262
1998-12-01,4375.6,0.6671881470574625,8.497607180936795
1999-01-01,4403.0,0.6261998354511356,8.549874266554912
1999-02-01,4425.8,0.5178287531228731,8.239379784294076
1999-03-01,4432.6,0.15364453884043616,7.73643147072407
1999-04-01,4461.4,0.6497315345395327,7.758079319839628
1999-05-01,4486.1,0.5536378715201629,7.725002401306336
1999-06-01,4508.0,0.48817458371412936,7.741210774121066
1999-07-01,4535.4,0.6078083407275781,7.888101241733647
1999-08-01,4552.7,0.3814437535829329,7.661929198098716
1999-09-01,4568.8,0.3536363037318635,7.055322539072573
1999-10-01,4592.7,0.5231132901418301,6.611109821490757
1999-11-01,4611.8,0.41587737060988506,6.101320572401403
1999-12-01,4639.3,0.5962964569148799,6.026602066002362
2000-01-01,4667.6,0.6100058198435176,6.009538950715432
2000-02-01,4680.9,0.28494301139769806,5.763929685028679
2000-03-01,4711.7,0.6579931209810042,6.296530253124555
2000-04-01,4767.8,1.1906530551605732,6.86779934549695
2000-05-01,4755.7,-0.2537858131633097,6.009674327366743
2000-06-01,4773.6,0.37639043673909356,5.8917480035492575
2000-07-01,4791.3,0.37078934137757535,5.642280724963622
2000-08-01,4819.5,0.5885667772838277,5.860258747556402
2000-09-01,4855.2,0.7407407407407307,6.268604447557347
2000-10-01,4871.3,0.33160322952712207,6.066148452979747
2000-11-01,4882.7,0.23402377188839196,5.874062188299578
2000-12-01,4927.6,0.9195731869662493,6.214299571055992
2001-01-01,4978.3,1.0288984495494757,6.656525837689609
2001-02-01,5017.0,0.7773738023019838,7.180243115640161
2001-03-01,5074.8,1.1520829180785341,7.70634802725132
2001-04-01,5139.1,1.2670450066997851,7.787658878308656
2001-05-01,5137.2,-0.03697145414567338,8.021952604243321
2001-06-01,5180.1,0.8350852604531722,8.515585721468067
2001-07-01,5210.0,0.577208934190443,8.738755661302777
2001-08-01,5243.8,0.6487523992322553,8.803817823425675
2001-09-01,5355.1,2.122506579198302,10.296177294447206
2001-10-01,5343.8,-0.21101379992903846,9.699669492743212
2001-11-01,5387.5,0.8177701261274706,10.338542200012292
2001-12-01,5440.5,0.9837587006960469,10.408718240116887
2002-01-01,5460.9,0.3749655362558446,9.694072273667697
2002-02-01,5490.2,0.5365415957076625,9.431931433127371
2002-03-01,5502.0,0.21492841790826667,8.418065736580749
2002-04-01,5502.1,0.0018175209014925642,7.0634936078301624
2002-05-01,5528.3,0.47618182148634336,7.613096628513594
2002-06-01,5553.3,0.45221858437494156,7.204494121735094
2002-07-01,5596.0,0.7689121783444053,7.4088291746641
2002-08-01,5638.3,0.7558970693352318,7.523170220069408
2002-09-01,5662.3,0.4256602167320045,5.736587552053174
2002-10-01,5707.1,0.7911979231054467,6.798532879224517
2002-11-01,5758.1,0.8936237318427853,6.878886310904875
2002-12-01,5779.4,0.36991368680638903,6.229206874368165
2003-01-01,5812.1,0.565802678478744,6.431174348550628
2003-02-01,5848.2,0.6211180124223503,6.520709628064547
2003-03-01,5868.4,0.34540542389109863,6.659396583060695
2003-04-01,5905.5,0.6321995773975964,7.331746060595035
2003-05-01,5965.3,1.0126153585640507,7.904780854874005
2003-06-01,6002.2,0.6185774395252475,8.083481893648825
2003-07-01,6049.1,0.7813801606077808,8.096854896354543
2003-08-01,6107.1,0.9588203203782397,8.314562900164946
2003-09-01,6079.7,-0.4486581192382766,7.3715627925048155
2003-10-01,6070.0,-0.15954734608615295,6.358746123249981
2003-11-01,6075.5,0.09060955518944702,5.512234938608218
2003-12-01,6073.8,-0.027981236112251118,5.0939543897290385
2004-01-01,6082.1,0.13665250749119728,4.645480979336214
2004-02-01,6121.8,0.6527350750562988,4.678362573099415
2004-03-01,6157.9,0.5896958410924746,4.933201554086297
2004-04-01,6198.9,0.6658113967423995,4.968249936499869
2004-05-01,6275.7,1.238929487489715,5.2034264831609445
2004-06-01,6277.9,0.035055850343379547,4.593315784212448
2004-07-01,6291.1,0.21026139314102021,4.000595129854023
2004-08-01,6317.8,0.42440908585144044,3.450082690638756
2004-09-01,6352.2,0.5444933362879434,4.482129052420358
2004-10-01,6379.8,0.4344951355435889,5.103789126853386
2004-11-01,6406.3,0.41537352268095074,5.444819356431574
2004-12-01,6424.5,0.2840953436460847,5.773980045441074
2005-01-01,6430.8,0.09806210600047383,5.733217145393854
2005-02-01,6438.9,0.1259563351371451,5.179849064000774
2005-03-01,6448.3,0.1459876687011752,4.715893405219318
2005-04-01,6461.8,0.20935750507886652,4.241075029440711
2005-05-01,6479.0,0.26617970225013554,3.2394792612776335
2005-06-01,6511.7,0.5047075165920623,3.724175281543185
2005-07-01,6543.5,0.4883517361057743,4.0120169763634195
2005-08-01,6576.3,0.5012607931535129,4.091614169489377
2005-09-01,6610.1,0.5139668202484682,4.060010704952632
2005-10-01,6643.9,0.5113387089453969,4.139628201511014
2005-11-01,6660.7,0.25286352895137476,3.971090957338874
2005-12-01,6687.8,0.40686414340835864,4.098373414273482
2006-01-01,6730.1,0.6324949908789179,4.654164334141941
2006-02-01,6754.7,0.3655220576217255,4.904564444237369
2006-03-01,6769.3,0.21614579477993168,4.978056231875061
2006-04-01,6806.9,0.5554488647275146,5.340617165495676
2006-05-01,6813.7,0.09989863227020113,5.165920666769552
2006-06-01,6851.8,0.5591675594757595,5.222906460678467
2006-07-01,6893.6,0.6100586707142641,5.350347673263545
2006-08-01,6925.1,0.45694557270512526,5.303894287061106
2006-09-01,6952.4,0.3942181340341522,5.178439055384931
2006-10-01,7001.7,0.7091076462804269,5.385391110642845
2006-11-01,7037.2,0.5070197237813767,5.652559040341099
2006-12-01,7080.1,0.6096174614903749,5.865905080893574
2007-01-01,7118.3,0.5395404019717276,5.768116372713616
2007-02-01,7134.3,0.22477276877905794,5.619790664278201
2007-03-01,7168.2,0.4751692527648066,5.892780642016149
2007-04-01,7240.7,1.0114115119555844,6.372945099825178
2007-05-01,7254.6,0.19197038960321322,6.470786797188022
2007-06-01,7287.8,0.45764066936839765,6.363291397880855
2007-07-01,7318.7,0.423996267735105,6.166589300220493
2007-08-01,7394.8,1.039802150655178,6.782573536844239
2007-09-01,7413.0,0.24611889435819378,6.625050342327832
2007-10-01,7428.1,0.20369620936193655,6.089949583672549
2007-11-01,7453.6,0.3432910165452885,5.9171261297106925
2007-12-01,7483.9,0.40651497263066716,5.703309275292701
2008-01-01,7517.5,0.44896377557157585,5.608080581037611
2008-02-01,7604.0,1.1506484868639921,6.583687257334292
2008-03-01,7670.0,0.8679642293529799,7.000362713093944
2008-04-01,7712.5,0.5541069100391205,6.515944590992584
2008-05-01,7725.2,0.1646677471636826,6.486918644721951
2008-06-01,7743.9,0.2420649303577882,6.258404456763356
2008-07-01,7791.2,0.6108033419853109,6.456064601636902
2008-08-01,7805.8,0.18739090255672775,5.557959647319732
2008-09-01,7872.4,0.853211714366231,6.197221098070949
2008-10-01,7974.9,1.302017173924086,7.361236386155268
2008-11-01,8027.0,0.6532997278962727,7.692926907802944
2008-12-01,8204.7,2.2137784975707175,9.6313419473804
2009-01-01,8289.0,1.0274598705619864,10.26272031925508
2009-02-01,8319.3,0.36554469779224164,9.406891109942128
2009-03-01,8386.4,0.8065582440830443,9.34028683181225
2009-04-01,8391.1,0.056043117428217215,8.798703403565655
2009-05-01,8449.2,0.6924002812503716,9.371925645937985
2009-06-01,8459.3,0.1195379444207667,9.238239130154046
2009-07-01,8463.5,0.04964949818544451,8.628966012937678
2009-08-01,8463.0,-0.005907721391862353,8.41938046068309
2009-09-01,8461.6,-0.016542597187751973,7.484375793912923
2009-10-01,8487.9,0.31081592133874736,6.432682541473866
2009-11-01,8517.0,0.3428409854027592,6.104397657904581
2009-12-01,8512.2,-0.0563578724903091,3.7478518410179573
2010-01-01,8477.7,-0.40530062733488137,2.2765110387260368
2010-02-01,8527.3,0.5850643452823157,2.5002103542365317
2010-03-01,8523.5,-0.04456275726195669,1.6347896594486322
2010-04-01,8554.8,0.3672200387164759,1.9508765239360626
2010-05-01,8609.0,0.6335624444756327,1.891303318657389
2010-06-01,8628.1,0.22186084330353406,1.9954369746906009
2010-07-01,8639.5,0.13212642412581133,2.0795179299344158
2010-08-01,8687.9,0.5602176051854757,2.6574500768049125
2010-09-01,8718.7,0.3545160510595391,3.038432447764028
2010-10-01,8768.4,0.5700391113353964,3.3047043438306334
2010-11-01,8789.0,0.23493453765794925,3.1936127744510934
2010-12-01,8823.2,0.3891227670952402,3.6535795681492456
2011-01-01,8849.0,0.2924109166742239,4.379725633131626
2011-02-01,8913.3,0.7266357780540078,4.52663797450541
2011-03-01,8971.5,0.6529568173403888,5.256056784184904
2011-04-01,9035.1,0.7089115532519674,5.6143919203254455
2011-05-01,9107.8,0.8046396830140079,5.793936577999759
2011-06-01,9182.1,0.8157842728211184,6.420880611026769
2011-07-01,9344.2,1.7653913592751147,8.156722032525042
2011-08-01,9531.0,1.9991010466385406,9.704301384684456
2011-09-01,9551.5,0.2150876088553133,9.551882734811379
2011-10-01,9584.4,0.3444485159399102,9.306144792664561
2011-11-01,9636.5,0.5435916697967613,9.642735237228361
2011-12-01,9683.9,0.49187983188916373,9.754964185329573
2012-01-01,9757.6,0.7610570121542093,10.267826873093
2012-02-01,9809.8,0.5349676149872806,10.058003208688149
2012-03-01,9853.9,0.4495504495504621,9.835590480967493
2012-04-01,9907.7,0.5459767198774168,9.657889785392527
2012-05-01,9951.4,0.4410710861249223,9.262390478490978
2012-06-01,10021.6,0.7054283819362128,9.142788686683879
2012-07-01,10074.5,0.5278598227827835,7.815543331692387
2012-08-01,10145.6,0.7057422204575836,6.448431434267121
2012-09-01,10226.1,0.7934474057719632,7.062765010731309
2012-10-01,10292.4,0.6483410097691156,7.38700388130713
2012-11-01,10361.9,0.6752555283510153,7.527629326000107
2012-12-01,10484.1,1.1793203949082676,8.263199743904837
2013-01-01,10508.1,0.22891807594356273,7.6914405181601975
2013-02-01,10527.5,0.18461948401709005,7.316153234520595
2013-03-01,10583.8,0.5347898361434344,7.407219476552429
2013-04-01,10611.3,0.25983106256732835,7.101547281407372
2013-05-01,10646.1,0.32795227728932286,6.980927306710627
2013-06-01,10703.3,0.5372859544809705,6.802307016843612
2013-07-01,10742.8,0.3690450608690776,6.633579830264513
2013-08-01,10801.2,0.5436199128718844,6.46191452452296
2013-09-01,10862.0,0.5629004184720232,6.218401932310447
2013-10-01,10986.3,1.1443564721045796,6.741867785939126
2013-11-01,10995.6,0.08465088337292759,6.115673766394192
2013-12-01,11060.1,0.5865982756739108,5.4940338226457275
2014-01-01,11130.8,0.6392347266299447,5.925904778218705
2014-02-01,11196.8,0.592949293851297,6.3576347660888155
2014-03-01,11232.6,0.31973420977422506,6.130123396133724
2014-04-01,11277.7,0.40150989085341315,6.28009763176991
2014-05-01,11342.8,0.5772453603128058,6.544180498022745
2014-06-01,11398.1,0.4875339422364844,6.491455906122412
2014-07-01,11453.0,0.48165922390572824,6.610939419890549
2014-08-01,11477.3,0.21217148345411552,6.259489686331143
2014-09-01,11519.1,0.3641971543830058,6.049530473209352
2014-10-01,11593.1,0.6424112994938946,5.523242583945476
2014-11-01,11634.2,0.3545212238314166,5.807777656517166
2014-12-01,11717.6,0.7168520396761302,5.9447925425629045
2015-01-01,11805.2,0.7475933638287691,6.058863693535077
2015-02-01,11922.8,0.9961711788025518,6.483995427264944
2015-03-01,11920.5,-0.019290770624347253,6.1241386678062115
2015-04-01,11954.6,0.2860618262656711,6.002110359381785
2015-05-01,11982.6,0.23421946363741952,5.640582572204411
2015-06-01,12023.2,0.3388246290454422,5.484247374562434
2015-07-01,12067.0,0.3642956949896803,5.361040775342696
2015-08-01,12112.0,0.37291787519682096,5.53004626523661
2015-09-01,12173.9,0.5110634081902266,5.684471877143182
2015-10-01,12225.2,0.4213933086356869,5.452381157757635
2015-11-01,12317.0,0.750907960605951,5.868903749290877
2015-12-01,12387.9,0.5756271819436609,5.72045470062128
2016-01-01,12518.5,1.0542545548478888,6.042252566665529
2016-02-01,12603.9,0.6821903582697519,5.712584292280343
2016-03-01,12661.8,0.45938161997476357,6.218698880080531
2016-04-01,12743.2,0.6428785796648295,6.596623893731279
2016-05-01,12802.0,0.4614225626216273,6.838248794084745
2016-06-01,12852.5,0.39446961412279435,6.897498170204264
2016-07-01,12911.9,0.4621668936004575,7.001740283417579
2016-08-01,12989.7,0.6025449391646509,7.246532364597091
2016-09-01,13054.9,0.5019361494106755,7.236793467992997
2016-10-01,13122.8,0.5201112226060678,7.342211170369395
2016-11-01,13208.7,0.6545859115432817,7.239587561906324
2016-12-01,13234.9,0.19835411509079304,6.837317059388592
2017-01-01,13315.7,0.6105070684327085,6.368175100850748
2017-02-01,13394.8,0.5940356120969881,6.275041852125129
2017-03-01,13463.6,0.513632155761945,6.332432987410952
2017-04-01,13521.7,0.4315339136635066,6.1091405612405
2017-05-01,13568.9,0.34906853428191553,5.990470239025147
2017-06-01,13580.5,0.08548961227512475,5.664267652207733
2017-07-01,13643.1,0.46095504583778535,5.662993052920173
2017-08-01,13697.7,0.4002023000637678,5.450472297281683
2017-09-01,13745.1,0.3460434963534098,5.2869037679338815
2017-10-01,13800.1,0.4001425962706806,5.161246075532677
2017-11-01,13843.5,0.3144904747067079,4.805923368688814
2017-12-01,13881.7,0.2759417777296269,4.887078859681604
2018-01-01,13900.3,0.13398935288904124,4.3903061799229315
2018-02-01,13949.3,0.35251037747385805,4.139666139098752
2018-03-01,14012.7,0.45450309334520433,4.078403992988511
2018-04-01,14035.9,0.1655640954277171,3.802776278130704
2018-05-01,14092.4,0.4025392030436281,3.858087243623287
2018-06-01,14137.2,0.3179018478044915,4.099259968336955
2018-07-01,14174.6,0.2645502645502562,3.8957421700346773
2018-08-01,14223.2,0.34286681811126485,3.836410492272435
2018-09-01,14245.5,0.15678609595590753,3.6405700940698837
2018-10-01,14256.6,0.07791934295040548,3.307947043861992
2018-11-01,14282.8,0.1837745324972273,3.173330443890632
2018-12-01,14386.8,0.7281485423026313,3.6386033410893415
2019-01-01,14459.7,0.5067144882809238,4.02437357467107
2019-02-01,14506.3,0.3222750126212759,3.993031908411182
2019-03-01,14557.5,0.352950097543836,3.8879016891819607
2019-04-01,14594.7,0.2555383822771873,3.981219586916418
2019-05-01,14704.4,0.7516427196173847,4.342766313757762
2019-06-01,14802.8,0.6691874540953657,4.708145884616455
2019-07-01,14886.8,0.567460210230486,5.024480408618226
2019-08-01,14974.4,0.5884407663164781,5.281511896057145
2019-09-01,15047.0,0.48482743882893864,5.626338141869369
2019-10-01,15184.1,0.9111450787532505,6.50575873630459
2019-11-01,15296.0,0.7369551043525879,7.0938471448175555
2019-12-01,15347.5,0.3366893305439378,6.677648955987436
2020-01-01,15427.1,0.5186512461312853,6.690318609653034
2020-02-01,15493.4,0.42976320889862585,6.804629712607624
2020-03-01,16033.0,3.4827733099255243,10.135668899192861
2020-04-01,17065.3,6.438595396993696,16.928062926952926
2020-05-01,17932.9,5.084000867256955,21.956013166127164
2020-06-01,18184.3,1.4018926107879803,22.843651201124104
2020-07-01,18335.4,0.8309365771572264,23.165488889485996
2020-08-01,18411.2,0.4134079431045823,22.95116999679454
2020-09-01,18602.5,1.0390414530285774,23.629294876055027
2020-10-01,18757.6,0.8337589033732051,23.53448673283236
2020-11-01,18997.0,1.2762826800870153,24.195868200836813
2020-12-01,19115.7,0.624835500342158,24.552532985828314
2021-01-01,19379.0,1.377401821539359,25.61660973222446
2021-02-01,19641.8,1.3561071262707003,26.775272051325082
2021-03-01,19873.2,1.1780997668238147,23.95184931079648
2021-04-01,20175.4,1.520640863071887,18.224701587431813
2021-05-01,20459.0,1.4056722543295264,14.086399857245603
2021-06-01,20477.1,0.08846962217117227,12.608678915328063
2021-07-01,20633.3,0.7628033266429357,12.532587235620696
2021-08-01,20840.7,1.0051712522960443,13.195772138698182
2021-09-01,20981.0,0.6732019557884383,12.785915871522647
2021-10-01,21160.7,0.8564892045183736,12.811340469996168
2021-11-01,21335.9,0.8279499260421375,12.311943991156514
2021-12-01,21498.8,0.7635018911787084,12.46671584090564
2022-01-01,21650.0,0.7032950676316929,11.718870942773108
2022-02-01,21724.8,0.3454965357967632,10.604934374649977
2022-03-01,21786.8,0.28538812785388057,9.629048165368426
2022-04-01,21769.5,-0.07940587878898508,7.901206419699225
2022-05-01,21719.5,-0.22967913824387676,6.161102693191256
2022-06-01,21651.2,-0.31446396095674567,5.733722060252688
2022-07-01,21652.8,0.007389890629605489,4.941041907983701
2022-08-01,21638.2,-0.06742776915686921,3.8266468976569934
2022-09-01,21536.5,-0.4700021258699949,2.6476335732329215
2022-10-01,21461.5,-0.3482460009750943,1.4215030693691677
2022-11-01,21406.5,-0.2562728607040543,0.3308976888718007
2022-12-01,21291.0,-0.539555742414688,-0.9665655757530645
2023-01-01,21279.4,-0.054483114931180854,-1.7117782909930601
2023-02-01,21242.9,-0.171527392689641,-2.2182022389158784
2023-03-01,20946.8,-1.3938774837710555,-3.8555455596966937
2023-04-01,20761.4,-0.8850993946569297,-4.630790785272964
2023-05-01,20829.7,0.3289758879458926,-4.0967793917907835
2023-06-01,20799.3,-0.14594545288698635,-3.934654892107603
2023-07-01,20791.2,-0.03894361829483994,-3.9791620483263124
2023-08-01,20777.2,-0.06733618069183489,-3.9790740449760165
2023-09-01,20747.8,-0.14150126099763405,-3.662154946254037
2023-10-01,20732.9,-0.07181484301949093,-3.3949164783449337
2023-11-01,20746.5,0.06559622628767858,-3.083175670941074
2023-12-01,20777.9,0.15135083026054374,-2.4099384716546823
2024-01-01,20843.9,0.317645190322402,-2.046580260721642
2024-02-01,20927.4,0.4005968172942742,-1.4852021145888794
2024-03-01,20973.9,0.2221967372917799,0.12937536998491872
2024-04-01,20959.7,-0.06770319301608874,0.9551379001416116
2024-05-01,21020.7,0.2910346999241309,0.9169599178096677
2024-06-01,21068.4,0.22691917966575215,1.293793541128796
2024-07-01,21095.3,0.1276793681532329,1.4626380391704163
2024-08-01,21186.8,0.4337459054860604,1.9713917178445506
2024-09-01,21269.5,0.3903373798780363,2.51448346330696
2024-10-01,21331.9,0.2933778415101562,2.889127907818012
2024-11-01,21452.2,0.563944139996897,3.40153760875328
2024-12-01,21485.9,0.1570934449613537,3.4074665870949428
2025-01-01,21548.1,0.28949217859153276,3.378446451959549
2025-02-01,21613.5,0.30350703774346677,3.2784770205567693
2025-03-01,21693.7,0.3710643810581393,3.431884389646167
2025-04-01,21775.7,0.3779899233417927,3.893185494067186
2025-05-01,21834.0,0.2677296252244332,3.8690433715337758
2025-06-01,21938.8,0.4799853439589663,4.131305652066586
2025-07-01,22020.0,0.3701205170747679,4.3834408612345
2025-08-01,22086.9,0.3038147138964664,4.248399947136905
2025-09-01,22170.3,0.3775993914944875,4.235172430005396
2025-10-01,22245.1,0.33738830778111684,4.28091262381689
2025-11-01,22277.4,0.14520051606872197,3.8466917146027013
2025-12-01,22353.5,0.34160180272382323,4.037997011993899
2026-01-01,22429.3,0.33909678573824653,4.0894556828676265
2026-02-01,22627.0,0.8814363355075683,4.689198880329415
2026-03-01,22686.4,0.2625182304326845,4.57598288904153
2026-04-01,22804.5,0.520576204245704,4.724532391610836
